PARK,BOROUGH,SIZE (ACRES),CATEGORY,Murder,RAPE,ROBBERY,FELONY ASSAULT,BURGLARY,GRAND LARCENY,GRAND LARCENY OF MOTOR VEHICLE,TOTAL
PELHAM BAY PARK,BRONX        ,2771.747,ONE ACRE OR LARGER,0,0,0,0,0,0,0,0
VAN CORTLANDT PARK,BRONX        ,1146.430,ONE ACRE OR LARGER,0,0,0,1,0,2,0,3
ROCKAWAY BEACH AND BOARDWALK,QUEENS       ,1072.564,ONE ACRE OR LARGER,0,0,0,0,0,0,0,0
FRESHKILLS PARK,STATEN ISLAND,913.320,ONE ACRE OR LARGER,0,0,0,0,0,0,0,0
FLUSHING MEADOWS CORONA PARK,QUEENS       ,897.690,ONE ACRE OR LARGER,0,0,0,2,2,8,0,12
LATOURETTE PARK & GOLF COURSE,STATEN ISLAND,843.970,ONE ACRE OR LARGER,0,0,0,0,0,0,0,0
MARINE PARK,BROOKLYN     ,798.000,ONE ACRE OR LARGER,0,0,1,0,0,1,0,2
BELT PARKWAY/SHORE PARKWAY,BROOKLYN/QUEENS,760.430,ONE ACRE OR LARGER,0,0,0,0,0,1,0,1
BRONX PARK,BRONX        ,718.373,ONE ACRE OR LARGER,0,1,0,0,0,0,0,1
FRANKLIN D. ROOSEVELT BOARDWALK AND BEACH,STATEN ISLAND,644.350,ONE ACRE OR LARGER,0,0,0,0,0,0,0,0
ALLEY POND PARK,QUEENS       ,635.514,ONE ACRE OR LARGER,0,0,0,0,0,0,0,0
PROSPECT PARK,BROOKLYN     ,526.250,ONE ACRE OR LARGER,0,0,0,0,0,4,0,4
FOREST PARK,QUEENS       ,506.860,ONE ACRE OR LARGER,0,0,0,0,0,0,0,0
GRAND CENTRAL PARKWAY,QUEENS       ,460.160,ONE ACRE OR LARGER,0,0,0,0,0,0,0,0
FERRY POINT PARK,BRONX        ,413.800,ONE ACRE OR LARGER,0,0,0,0,0,0,0,0
CONEY ISLAND BEACH & BOARDWALK,BROOKLYN     ,399.203,ONE ACRE OR LARGER,0,0,1,0,0,0,0,1
CUNNINGHAM PARK,QUEENS       ,358.000,ONE ACRE OR LARGER,0,0,0,0,0,1,0,1
RICHMOND PARKWAY,STATEN ISLAND,350.983,ONE ACRE OR LARGER,0,0,0,0,0,0,0,0
CROSS ISLAND PARKWAY,QUEENS       ,326.895,ONE ACRE OR LARGER,0,0,0,0,0,0,0,0
GREAT KILLS PARK,STATEN ISLAND,315.094,ONE ACRE OR LARGER,0,0,0,0,0,0,0,0
WOLFE'S POND PARK,STATEN ISLAND,302.693,ONE ACRE OR LARGER,0,0,0,0,0,0,0,0
CONFERENCE HOUSE PARK,STATEN ISLAND,286.382,ONE ACRE OR LARGER,0,0,0,0,0,0,0,0
RANDALL'S ISLAND PARK,MANHATTAN    ,256.111,ONE ACRE OR LARGER,0,0,0,0,0,0,0,0
ROCKAWAY COMMUNITY PARK,QUEENS       ,255.400,ONE ACRE OR LARGER,0,0,0,0,0,0,0,0
KISSENA PARK,QUEENS       ,237.147,ONE ACRE OR LARGER,0,0,0,0,0,0,0,0
RIVERSIDE PARK,MANHATTAN    ,235.765,ONE ACRE OR LARGER,0,0,6,1,2,8,0,17
HUTCHINSON RIVER PARKWAY,BRONX        ,229.140,ONE ACRE OR LARGER,0,0,0,0,0,0,0,0
BLUE HERON PARK,STATEN ISLAND,217.450,ONE ACRE OR LARGER,0,0,0,0,0,0,0,0
DYKER BEACH PARK,BROOKLYN     ,216.655,ONE ACRE OR LARGER,0,0,0,0,0,0,0,0
WILLOWBROOK PARK,STATEN ISLAND,214.947,ONE ACRE OR LARGER,0,0,0,0,0,0,0,0
STATEN ISLAND INDUSTRIAL PARK,STATEN ISLAND,210.928,ONE ACRE OR LARGER,0,0,0,0,0,0,0,0
SILVER LAKE PARK,STATEN ISLAND,205.977,ONE ACRE OR LARGER,0,0,0,0,0,0,0,0
BRONX RIVER PARKWAY,BRONX        ,205.647,ONE ACRE OR LARGER,0,0,0,0,0,0,0,0
SOUNDVIEW PARK,BRONX        ,205.310,ONE ACRE OR LARGER,0,0,1,2,0,2,0,5
BELT PARKWAY,QUEENS       ,202.647,ONE ACRE OR LARGER,0,0,0,0,0,0,0,0
WILLOWBROOK PARKWAY,STATEN ISLAND,198.481,ONE ACRE OR LARGER,0,0,0,0,0,0,0,0
INWOOD HILL PARK,MANHATTAN    ,196.398,ONE ACRE OR LARGER,0,0,0,0,0,0,0,0
CLOVE LAKES PARK,STATEN ISLAND,193.423,ONE ACRE OR LARGER,0,0,1,0,0,0,0,1
FORT WASHINGTON PARK,MANHATTAN    ,184.143,ONE ACRE OR LARGER,0,0,0,0,0,0,0,0
IDLEWILD PARK,QUEENS       ,180.850,ONE ACRE OR LARGER,0,0,0,0,0,0,0,0
WARDS ISLAND PARK,MANHATTAN    ,176.581,ONE ACRE OR LARGER,0,0,0,0,0,0,0,0
SOUTH SHORE COUNTRY CLUB,STATEN ISLAND,173.994,ONE ACRE OR LARGER,0,0,0,0,0,0,0,0
SAW MILL CREEK MARSH,STATEN ISLAND,171.778,ONE ACRE OR LARGER,0,0,0,0,0,0,0,0
BLOOD ROOT VALLEY,STATEN ISLAND,161.242,ONE ACRE OR LARGER,0,0,0,0,0,0,0,0
JAMAICA BAY PARK,QUEENS       ,149.540,ONE ACRE OR LARGER,0,0,0,0,0,0,0,0
KISSENA CORRIDOR PARK,QUEENS       ,146.810,ONE ACRE OR LARGER,0,0,0,0,0,0,0,0
HIGHLAND PARK,BROOKLYN/QUEENS,146.339,ONE ACRE OR LARGER,0,0,1,0,0,0,0,1
ARDEN WOODS,STATEN ISLAND,145.864,ONE ACRE OR LARGER,0,0,0,0,0,0,0,0
RIVERDALE PARK,BRONX        ,144.290,ONE ACRE OR LARGER,0,0,0,0,0,0,0,0
OCEAN PARKWAY MALLS,BROOKLYN     ,140.000,ONE ACRE OR LARGER,0,0,0,0,0,1,0,1
BLOOMINGDALE PARK,STATEN ISLAND,138.100,ONE ACRE OR LARGER,0,0,0,0,0,0,0,0
OCEAN BREEZE PARK,STATEN ISLAND,136.568,ONE ACRE OR LARGER,0,0,0,0,0,0,0,0
CANARSIE PARK,BROOKLYN     ,132.200,ONE ACRE OR LARGER,0,0,0,0,0,0,0,0
HIGHBRIDGE PARK MANHATTAN SIDE,MANHATTAN    ,130.100,ONE ACRE OR LARGER,0,0,3,0,0,0,0,3
CROTONA PARK,BRONX        ,127.500,ONE ACRE OR LARGER,0,0,4,0,0,1,0,5
PAERDEGAT BASIN PARK,BROOKLYN     ,118.795,ONE ACRE OR LARGER,0,0,0,0,0,0,0,0
HOOK CREEK PARK,QUEENS       ,111.163,ONE ACRE OR LARGER,0,0,0,0,0,0,0,0
CRESCENT BEACH PARK,STATEN ISLAND,110.960,ONE ACRE OR LARGER,0,0,0,0,0,0,0,0
CLEARVIEW PARK GOLF COURSE,QUEENS       ,110.930,ONE ACRE OR LARGER,0,0,0,0,0,0,0,0
BAISLEY POND PARK,QUEENS       ,109.609,ONE ACRE OR LARGER,0,0,0,0,0,0,0,0
PELHAM PARKWAY,BRONX        ,108.910,ONE ACRE OR LARGER,0,0,0,0,0,0,0,0
PRALLS ISLAND,STATEN ISLAND,107.514,ONE ACRE OR LARGER,0,0,0,0,0,0,0,0
MARINERS MARSH PARK,STATEN ISLAND,107.200,ONE ACRE OR LARGER,0,0,0,0,0,0,0,0
DOUGLASTON PARK GOLF COURSE,QUEENS       ,104.600,ONE ACRE OR LARGER,0,0,0,0,0,0,0,0
LEMON CREEK PARK,STATEN ISLAND,104.545,ONE ACRE OR LARGER,0,0,0,0,0,0,0,0
SPRING CREEK PARK,BROOKLYN/QUEENS,99.566,ONE ACRE OR LARGER,0,0,0,0,0,0,0,0
HIGH ROCK PARK,STATEN ISLAND,94.100,ONE ACRE OR LARGER,0,0,0,0,0,0,0,0
LONG POND PARK,STATEN ISLAND,91.948,ONE ACRE OR LARGER,0,0,0,0,0,0,0,0
BROOKVILLE PARK,QUEENS       ,89.946,ONE ACRE OR LARGER,0,0,1,0,0,0,0,1
ISLE OF MEADOWS,STATEN ISLAND,87.516,ONE ACRE OR LARGER,0,0,0,0,0,0,0,0
CALVERT VAUX PARK,BROOKLYN     ,85.527,ONE ACRE OR LARGER,0,0,0,0,0,0,0,0
PUGSLEY CREEK PARK,BRONX        ,83.615,ONE ACRE OR LARGER,0,0,0,0,0,0,0,0
SNUG HARBOR CULTURAL CENTER,STATEN ISLAND,83.300,ONE ACRE OR LARGER,0,0,0,0,0,0,0,0
MOSHOLU PARKWAY,BRONX        ,80.936,ONE ACRE OR LARGER,0,0,0,0,0,0,0,0
MCGUIRE FIELDS,BROOKLYN     ,77.181,ONE ACRE OR LARGER,0,0,0,0,0,0,0,0
FRESH CREEK NATURE PRESERVE,BROOKLYN     ,77.044,ONE ACRE OR LARGER,0,0,0,0,0,0,0,0
JACKIE ROBINSON PARKWAY,BROOKLYN/QUEENS,72.750,ONE ACRE OR LARGER,0,0,0,0,0,0,0,0
FORT TRYON PARK,MANHATTAN    ,67.213,ONE ACRE OR LARGER,0,0,0,1,0,1,0,2
RIVERSIDE PARK SOUTH,MANHATTAN    ,66.693,ONE ACRE OR LARGER,0,0,0,0,0,0,0,0
EASTERN PARKWAY,BROOKLYN     ,65.700,ONE ACRE OR LARGER,0,0,0,1,0,0,0,1
FOUR SPARROW MARSH,BROOKLYN     ,64.665,ONE ACRE OR LARGER,0,0,0,0,0,0,0,0
FORT TOTTEN PARK,QUEENS       ,60.394,ONE ACRE OR LARGER,0,0,0,0,0,0,0,0
ASTORIA PARK,QUEENS       ,59.956,ONE ACRE OR LARGER,0,0,0,0,0,0,0,0
LAURELTON PARKWAY,QUEENS       ,59.612,ONE ACRE OR LARGER,0,0,0,0,0,0,0,0
RED HOOK RECREATION AREA,BROOKLYN     ,58.503,ONE ACRE OR LARGER,0,0,0,0,0,0,0,0
SHORE PARK AND PARKWAY,BROOKLYN     ,58.000,ONE ACRE OR LARGER,0,0,0,0,0,0,0,0
SPRING CREEK PARK ADDITION,BROOKLYN/QUEENS,57.921,ONE ACRE OR LARGER,0,0,0,0,0,0,0,0
JUNIPER VALLEY PARK,QUEENS       ,55.639,ONE ACRE OR LARGER,0,0,0,0,0,0,0,0
LITTLE BAY PARK,QUEENS       ,55.220,ONE ACRE OR LARGER,0,0,0,0,0,0,0,0
POWELL'S COVE PARK,QUEENS       ,55.023,ONE ACRE OR LARGER,0,0,0,0,0,0,0,0
HENRY HUDSON PARKWAY,BRONX        ,54.100,ONE ACRE OR LARGER,0,0,0,0,0,0,0,0
HARLEM RIVER PARK,MANHATTAN    ,53.967,ONE ACRE OR LARGER,0,0,0,0,0,0,0,0
DUBOS POINT WILDLIFE SANCTUARY,QUEENS       ,53.298,ONE ACRE OR LARGER,0,0,0,0,0,0,0,0
ROY WILKINS RECREATION CENTER,QUEENS       ,53.238,ONE ACRE OR LARGER,0,0,0,0,0,0,0,0
REED'S BASKET WILLOW SWAMP PARK,STATEN ISLAND,52.375,ONE ACRE OR LARGER,0,0,0,0,0,0,0,0
BROOKLYN BOTANIC GARDEN,BROOKLYN     ,47.570,ONE ACRE OR LARGER,0,0,0,0,0,0,0,0
MEREDITH WOODS,STATEN ISLAND,47.521,ONE ACRE OR LARGER,0,0,0,0,0,0,0,0
QUEENS FARM PARK,QUEENS       ,47.080,ONE ACRE OR LARGER,0,0,0,0,0,0,0,0
EAST RIVER PARK,MANHATTAN    ,45.880,ONE ACRE OR LARGER,0,0,0,0,0,0,0,0
CROCHERON PARK,QUEENS       ,45.790,ONE ACRE OR LARGER,0,0,1,0,0,0,0,1
MACOMBS DAM PARK,BRONX        ,44.174,ONE ACRE OR LARGER,0,0,0,0,0,2,0,2
MANHATTAN BEACH PARK,BROOKLYN     ,42.941,ONE ACRE OR LARGER,0,0,0,0,0,0,0,0
UDALL'S PARK PRESERVE,QUEENS       ,42.768,ONE ACRE OR LARGER,0,0,0,0,0,0,0,0
FAIRVIEW PARK,STATEN ISLAND,42.600,ONE ACRE OR LARGER,0,0,0,0,0,0,0,0
BAYSWATER PARK,QUEENS       ,40.070,ONE ACRE OR LARGER,0,0,0,0,0,0,0,0
DEERE PARK,STATEN ISLAND,39.779,ONE ACRE OR LARGER,0,0,0,0,0,0,0,0
PARADE GROUND,BROOKLYN     ,39.500,ONE ACRE OR LARGER,0,0,0,0,0,3,0,3
CLAREMONT PARK,BRONX        ,38.536,ONE ACRE OR LARGER,0,0,1,0,0,0,0,1
BROAD CHANNEL WETLANDS,QUEENS       ,37.950,ONE ACRE OR LARGER,0,0,0,0,0,0,0,0
CONEY ISLAND BOAT BASIN,BROOKLYN     ,36.810,ONE ACRE OR LARGER,0,0,0,0,0,0,0,0
BUNKER PONDS PARK,STATEN ISLAND,36.691,ONE ACRE OR LARGER,0,0,0,0,0,0,0,0
SETON FALLS PARK,BRONX        ,35.771,ONE ACRE OR LARGER,0,0,0,0,0,0,0,0
MCCARREN PARK,BROOKLYN     ,35.713,ONE ACRE OR LARGER,0,0,0,0,0,0,0,0
ST. MARY'S PARK BRONX,BRONX        ,35.311,ONE ACRE OR LARGER,0,0,3,0,0,1,0,4
SHOOTERS ISLAND,STATEN ISLAND,34.689,ONE ACRE OR LARGER,0,0,0,0,0,0,0,0
NORTH BROTHER ISLAND,BRONX        ,30.395,ONE ACRE OR LARGER,0,0,0,0,0,0,0,0
FORT GREENE PARK,BROOKLYN     ,30.168,ONE ACRE OR LARGER,0,0,1,0,0,1,0,2
BATTERY PARK CITY,MANHATTAN    ,29.990,ONE ACRE OR LARGER,0,0,0,0,0,0,0,0
MORNINGSIDE PARK,MANHATTAN    ,29.888,ONE ACRE OR LARGER,0,0,0,0,0,0,0,0
MACNEIL PARK,QUEENS       ,28.870,ONE ACRE OR LARGER,0,0,0,0,0,0,0,0
ALLEY ATHLETIC PLAYGROUND,QUEENS       ,27.531,ONE ACRE OR LARGER,0,0,0,0,0,0,0,0
VERNAM BARBADOES PENINSULA,QUEENS       ,27.484,ONE ACRE OR LARGER,0,0,0,0,0,0,0,0
COLLEGE POINT FIELDS,QUEENS       ,26.830,ONE ACRE OR LARGER,0,0,0,0,0,0,0,0
KAISER PARK,BROOKLYN     ,26.257,ONE ACRE OR LARGER,0,0,0,0,0,0,0,0
SUNSET PARK,BROOKLYN     ,24.498,ONE ACRE OR LARGER,0,0,0,0,0,0,0,0
OWL'S HEAD PARK,BROOKLYN     ,24.218,ONE ACRE OR LARGER,0,0,0,0,0,1,0,1
SPRINGFIELD PARK,QUEENS       ,23.543,ONE ACRE OR LARGER,0,0,1,0,0,1,0,2
RECREATIONAL AREA,MANHATTAN    ,23.093,ONE ACRE OR LARGER,0,0,0,0,0,0,0,0
KING FISHER PARK,STATEN ISLAND,23.010,ONE ACRE OR LARGER,0,0,0,0,0,0,0,0
SIEDENBURG PARK,STATEN ISLAND,22.882,ONE ACRE OR LARGER,0,0,0,0,0,0,0,0
ST. NICHOLAS PARK,MANHATTAN    ,22.740,ONE ACRE OR LARGER,0,0,3,1,0,0,0,4
SOUTH BROTHER ISLAND,BRONX        ,22.160,ONE ACRE OR LARGER,0,0,0,0,0,0,0,0
LOCUST POINT MARINA,BRONX        ,22.070,ONE ACRE OR LARGER,0,0,0,0,0,0,0,0
BATTERY PARK,MANHATTAN    ,21.880,ONE ACRE OR LARGER,0,0,0,0,0,0,0,0
BROOKLYN BRIDGE PARK,BROOKLYN     ,21.185,ONE ACRE OR LARGER,0,0,0,0,0,0,0,0
ASSER LEVY PARK,BROOKLYN     ,21.039,ONE ACRE OR LARGER,0,0,0,0,0,0,0,0
SEASIDE WILDLIFE NATURE PARK,STATEN ISLAND,20.907,ONE ACRE OR LARGER,0,0,0,0,0,0,0,0
WAVE HILL,BRONX        ,20.867,ONE ACRE OR LARGER,0,0,0,0,0,0,0,0
QUEENSBRIDGE PARK,QUEENS       ,20.340,ONE ACRE OR LARGER,0,0,0,0,0,0,0,0
MARCUS GARVEY PARK,MANHATTAN    ,20.165,ONE ACRE OR LARGER,0,0,2,0,0,3,0,5
ISHAM PARK,MANHATTAN    ,20.132,ONE ACRE OR LARGER,0,0,0,0,0,0,0,0
WILLIAMSBRIDGE OVAL,BRONX        ,19.749,ONE ACRE OR LARGER,0,0,1,0,0,0,0,1
BRANT POINT WILDLIFE SANCTUARY,QUEENS       ,19.556,ONE ACRE OR LARGER,0,0,0,0,0,0,0,0
BROAD CHANNEL AMERICAN PARK,QUEENS       ,18.768,ONE ACRE OR LARGER,0,0,0,0,0,0,0,0
THEODORE ROOSEVELT PARK,MANHATTAN    ,17.574,ONE ACRE OR LARGER,0,0,0,0,0,0,0,0
BENSONHURST PARK,BROOKLYN     ,17.500,ONE ACRE OR LARGER,0,0,0,0,0,0,0,0
LINCOLN TERRACE / ARTHUR S. SOMERS PARK,BROOKLYN     ,17.140,ONE ACRE OR LARGER,0,0,4,0,0,0,0,4
JOHN GOLDEN PARK,QUEENS       ,17.000,ONE ACRE OR LARGER,0,0,0,0,0,0,0,0
BAYVIEW TERRACE PARK,STATEN ISLAND,16.944,ONE ACRE OR LARGER,0,0,0,0,0,0,0,0
JONES WOODS PARK,STATEN ISLAND,16.930,ONE ACRE OR LARGER,0,0,0,0,0,0,0,0
FRANCIS LEWIS PARK,QUEENS       ,16.831,ONE ACRE OR LARGER,0,0,0,0,0,0,0,0
LEIF ERICSON PARK,BROOKLYN     ,16.800,ONE ACRE OR LARGER,0,0,0,0,0,0,0,0
EIBS POND PARK,STATEN ISLAND,16.505,ONE ACRE OR LARGER,0,0,0,0,0,0,0,0
RAILROAD PARK QUEENS,QUEENS       ,16.439,ONE ACRE OR LARGER,0,0,0,0,0,0,0,0
BREUKELEN BALLFIELDS,BROOKLYN     ,16.160,ONE ACRE OR LARGER,0,0,0,0,0,0,0,0
FRANZ SIGEL PARK,BRONX        ,15.990,ONE ACRE OR LARGER,0,0,1,1,0,0,0,2
ALICE AUSTEN PARK,STATEN ISLAND,15.524,ONE ACRE OR LARGER,0,0,0,0,0,0,0,0
THOMAS JEFFERSON PARK,MANHATTAN    ,15.524,ONE ACRE OR LARGER,0,0,0,0,0,1,0,1
MILL POND PARK,BRONX        ,15.496,ONE ACRE OR LARGER,0,0,0,0,0,0,0,0
SHERMAN CREEK,MANHATTAN    ,15.383,ONE ACRE OR LARGER,0,0,0,0,0,0,0,0
HARRIS PARK,BRONX        ,15.320,ONE ACRE OR LARGER,0,0,0,0,0,0,1,1
GOODHUE,STATEN ISLAND,15.064,ONE ACRE OR LARGER,0,0,0,0,0,0,0,0
MULLALY PARK,BRONX        ,15.049,ONE ACRE OR LARGER,0,0,2,0,0,0,0,2
TREMONT PARK,BRONX        ,15.000,ONE ACRE OR LARGER,0,0,0,0,0,0,0,0
CARL SCHURZ PARK,MANHATTAN    ,14.938,ONE ACRE OR LARGER,0,0,1,0,0,0,0,1
GRAND ARMY PLAZA BROOKLYN,BROOKLYN     ,14.257,ONE ACRE OR LARGER,0,0,0,0,0,0,0,0
VON BRIESEN PARK,STATEN ISLAND,13.938,ONE ACRE OR LARGER,0,0,0,0,0,0,0,0
MOTOR PARKWAY,QUEENS       ,13.894,ONE ACRE OR LARGER,0,0,0,0,0,0,0,0
UNNAMED PARK ON BEACH CHANNEL DRIVE & BEACH 116TH STREET TO BEACH 108TH STREET,QUEENS       ,13.826,ONE ACRE OR LARGER,0,0,0,0,0,0,0,0
BEACH 17 PLAYGROUND,QUEENS       ,13.750,ONE ACRE OR LARGER,0,0,0,0,0,0,0,0
TUDOR PARK,QUEENS       ,13.543,ONE ACRE OR LARGER,0,0,0,0,0,0,0,0
AQUEDUCT WALK,BRONX        ,13.533,ONE ACRE OR LARGER,0,0,1,0,0,0,0,1
FATHER MACRIS PARK,STATEN ISLAND,13.469,ONE ACRE OR LARGER,0,0,0,0,0,0,0,0
STARLIGHT PARK,BRONX        ,12.930,ONE ACRE OR LARGER,0,0,1,0,0,0,0,1
JACKIE ROBINSON PARK MANHATTAN,MANHATTAN    ,12.772,ONE ACRE OR LARGER,0,0,1,0,0,1,0,2
BROOKLYN MUSEUM,BROOKLYN     ,12.660,ONE ACRE OR LARGER,0,0,0,0,0,0,0,0
BEACH CHANNEL PARK,QUEENS       ,12.624,ONE ACRE OR LARGER,0,0,0,0,0,0,0,0
GREENBELT NATIVE PLANT CENTER,STATEN ISLAND,12.247,ONE ACRE OR LARGER,0,0,0,0,0,0,0,0
BOWNE PARK,QUEENS       ,11.788,ONE ACRE OR LARGER,0,0,0,0,0,0,0,0
SETON PARK,BRONX        ,11.689,ONE ACRE OR LARGER,0,0,0,0,0,0,0,0
RUFUS KING PARK,QUEENS       ,11.500,ONE ACRE OR LARGER,0,0,0,0,0,1,0,1
FRANK GOLDEN PARK,QUEENS       ,11.422,ONE ACRE OR LARGER,0,0,0,0,0,0,0,0
ST. JAMES PARK,BRONX        ,11.390,ONE ACRE OR LARGER,0,0,0,2,0,1,0,3
RICHMOND TERRACE WETLANDS,STATEN ISLAND,11.193,ONE ACRE OR LARGER,0,0,0,0,0,0,0,0
BARRETTO POINT PARK,BRONX        ,11.161,ONE ACRE OR LARGER,0,0,0,0,0,0,0,0
ST. ALBANS PARK,QUEENS       ,10.790,ONE ACRE OR LARGER,0,0,0,0,0,0,0,0
GEMINI FIELDS,QUEENS       ,10.761,ONE ACRE OR LARGER,0,0,0,0,0,0,0,0
GIVANS CREEK WOODS,BRONX        ,10.735,ONE ACRE OR LARGER,0,0,0,0,0,0,0,0
BETSY HEAD PARK,BROOKLYN     ,10.555,ONE ACRE OR LARGER,0,0,0,0,0,0,0,0
TOMPKINS SQUARE PARK,MANHATTAN    ,10.502,ONE ACRE OR LARGER,0,0,0,0,0,0,0,0
CPL. THOMPSON PARK,STATEN ISLAND,10.500,ONE ACRE OR LARGER,0,0,0,0,0,0,0,0
COMMODORE BARRY PARK,BROOKLYN     ,10.391,ONE ACRE OR LARGER,0,0,0,0,0,0,0,0
CADMAN PLAZA PARK,BROOKLYN     ,10.384,ONE ACRE OR LARGER,0,0,0,0,0,0,0,0
BROADWAY MALLS,MANHATTAN    ,10.242,ONE ACRE OR LARGER,0,0,0,0,0,0,0,0
STEEPLECHASE PARK,BROOKLYN     ,10.010,ONE ACRE OR LARGER,0,0,0,0,0,0,0,0
HUNTER'S POINT SOUTH PARK,QUEENS       ,10.000,ONE ACRE OR LARGER,0,0,0,0,0,0,0,0
UNNAMED PARK ON RICHMOND TERRACE,STATEN ISLAND,9.934,ONE ACRE OR LARGER,0,0,0,0,0,0,0,0
HYBRID OAK WOODS PARK,STATEN ISLAND,9.763,ONE ACRE OR LARGER,0,0,0,0,0,0,0,0
WASHINGTON SQUARE PARK,MANHATTAN    ,9.749,ONE ACRE OR LARGER,0,0,0,0,0,0,0,0
BRYANT PARK,MANHATTAN    ,9.603,ONE ACRE OR LARGER,0,0,0,0,0,7,0,7
ROCKAWAY FREEWAY,QUEENS       ,9.404,ONE ACRE OR LARGER,0,0,0,0,0,0,0,0
BICENTENNIAL VETERANS MEMORIAL PARK,BRONX        ,9.395,ONE ACRE OR LARGER,0,0,0,0,0,0,0,0
SUNSET COVE PARK,QUEENS       ,9.375,ONE ACRE OR LARGER,0,0,0,0,0,0,0,0
ST. JOHN'S RECREATION CENTER,BROOKLYN     ,9.339,ONE ACRE OR LARGER,0,0,1,0,0,1,0,2
LINDEN PARK,BROOKLYN     ,9.322,ONE ACRE OR LARGER,0,0,0,0,0,0,0,0
HAFFEN PARK,BRONX        ,9.238,ONE ACRE OR LARGER,0,0,0,0,0,0,0,0
ALLISON POND PARK,STATEN ISLAND,9.200,ONE ACRE OR LARGER,0,0,0,0,0,0,0,0
GRANITEVILLE SWAMP PARK,STATEN ISLAND,9.187,ONE ACRE OR LARGER,0,0,0,0,0,0,0,0
TOTTENVILLE SHORE PARK,STATEN ISLAND,9.181,ONE ACRE OR LARGER,0,0,0,0,0,0,0,0
CAPTAIN TILLY PARK,QUEENS       ,9.160,ONE ACRE OR LARGER,0,0,2,0,0,0,0,2
HARVEY PARK,QUEENS       ,9.154,ONE ACRE OR LARGER,0,0,0,0,0,0,0,0
MSGR. MCGOLRICK PARK,BROOKLYN     ,9.134,ONE ACRE OR LARGER,0,0,0,0,0,0,0,0
BUSHWICK INLET PARK,BROOKLYN     ,9.010,ONE ACRE OR LARGER,0,0,0,0,0,0,0,0
HENRY HUDSON PARK,BRONX        ,8.972,ONE ACRE OR LARGER,0,0,1,0,0,0,0,1
FRANK PRINCIPE PARK,QUEENS       ,8.899,ONE ACRE OR LARGER,0,0,0,0,0,0,0,0
CASTLE HILL PARK,BRONX        ,8.834,ONE ACRE OR LARGER,0,0,0,0,0,0,0,0
ROCHDALE PARK,QUEENS       ,8.833,ONE ACRE OR LARGER,0,0,0,0,0,0,0,0
ABE STARK SKATING RINK,BROOKLYN     ,8.807,ONE ACRE OR LARGER,0,0,0,0,0,0,0,0
CITY HALL PARK,MANHATTAN    ,8.800,ONE ACRE OR LARGER,0,0,0,0,0,0,0,0
EAST RIVER WATERFRONT ESPLANADE,MANHATTAN    ,8.761,ONE ACRE OR LARGER,0,0,0,0,0,0,0,0
CROTONA PARKWAY MALLS,BRONX        ,8.750,ONE ACRE OR LARGER,0,0,0,0,0,0,0,0
CONEY ISLAND CREEK PARK,BROOKLYN     ,8.663,ONE ACRE OR LARGER,0,0,0,0,0,0,0,0
MILL ROCK PARK,MANHATTAN    ,8.639,ONE ACRE OR LARGER,0,0,0,0,0,0,0,0
EAST RIVER ESPLANADE E 90TH ST TO E 125TH ST,MANHATTAN    ,8.595,ONE ACRE OR LARGER,0,0,1,0,0,0,0,1
JOHN J CARTY PARK,BROOKLYN     ,8.565,ONE ACRE OR LARGER,0,0,0,0,0,0,0,0
COFFEY PARK,BROOKLYN     ,8.271,ONE ACRE OR LARGER,0,0,0,1,0,0,0,1
BARRETT PARK,STATEN ISLAND,8.108,ONE ACRE OR LARGER,0,0,0,0,0,0,0,0
RAINEY PARK QUEENS,QUEENS       ,8.090,ONE ACRE OR LARGER,0,0,0,0,0,0,0,0
LAGUARDIA LANDING LIGHTS,QUEENS       ,8.030,ONE ACRE OR LARGER,0,0,0,0,0,0,0,0
CITY ISLAND WETLANDS,BRONX        ,8.005,ONE ACRE OR LARGER,0,0,0,0,0,0,0,0
SARA D. ROOSEVELT PARK,MANHATTAN    ,7.850,ONE ACRE OR LARGER,0,0,0,0,0,3,0,3
EWEN PARK,BRONX        ,7.840,ONE ACRE OR LARGER,0,0,0,0,0,0,0,0
HERBERT VON KING PARK,BROOKLYN     ,7.819,ONE ACRE OR LARGER,0,0,1,0,0,1,0,2
MOUNT PROSPECT PARK,BROOKLYN     ,7.790,ONE ACRE OR LARGER,0,0,0,0,0,0,0,0
RAINEY PARK BRONX,BRONX        ,7.738,ONE ACRE OR LARGER,0,0,0,0,0,0,0,0
DETECTIVE KEITH L WILLIAMS PARK,QUEENS       ,7.683,ONE ACRE OR LARGER,0,0,0,0,0,0,0,0
FLUSHING FIELDS,QUEENS       ,7.671,ONE ACRE OR LARGER,0,0,0,0,0,0,0,0
PALMER INLET,BRONX        ,7.490,ONE ACRE OR LARGER,0,0,0,0,0,0,0,0
MIDLAND FIELD,STATEN ISLAND,7.463,ONE ACRE OR LARGER,0,0,0,0,0,0,0,0
SCHMUL PARK,STATEN ISLAND,7.395,ONE ACRE OR LARGER,0,0,0,0,0,0,0,0
BRIDGE PARK BRONX,BRONX        ,7.156,ONE ACRE OR LARGER,0,0,0,0,0,0,0,0
BEACH 30TH STREET PLAYGROUND,QUEENS       ,7.122,ONE ACRE OR LARGER,0,0,0,0,0,0,0,0
BROWER PARK,BROOKLYN     ,7.047,ONE ACRE OR LARGER,0,0,0,0,0,0,0,0
JOYCE KILMER PARK,BRONX        ,6.882,ONE ACRE OR LARGER,0,0,1,0,0,0,0,1
MARIA HERNANDEZ PARK,BROOKLYN     ,6.873,ONE ACRE OR LARGER,0,0,0,2,0,1,0,3
THE HIGH LINE,MANHATTAN    ,6.730,ONE ACRE OR LARGER,0,0,0,0,0,0,0,0
FRIENDS FIELD,BROOKLYN     ,6.700,ONE ACRE OR LARGER,0,0,0,0,0,0,0,0
LINDOWER PARK,BROOKLYN     ,6.700,ONE ACRE OR LARGER,0,0,0,0,0,0,0,0
J. HOOD WRIGHT PARK,MANHATTAN    ,6.699,ONE ACRE OR LARGER,0,0,0,0,0,0,0,0
WNYC TRANSMITTER PARK,BROOKLYN     ,6.611,ONE ACRE OR LARGER,0,0,0,0,0,0,0,0
SPUYTEN DUYVIL SHOREFRONT PARK,BRONX        ,6.600,ONE ACRE OR LARGER,0,0,0,0,0,0,0,0
PARK AVENUE MALLS,MANHATTAN    ,6.593,ONE ACRE OR LARGER,0,0,0,0,0,0,0,0
WESTWOOD PARK,STATEN ISLAND,6.563,ONE ACRE OR LARGER,0,0,0,0,0,0,0,0
UNION SQUARE PARK,MANHATTAN    ,6.510,ONE ACRE OR LARGER,0,0,0,1,0,0,0,1
CONCRETE PLANT PARK,BRONX        ,6.438,ONE ACRE OR LARGER,0,0,1,0,0,0,0,1
COL. YOUNG PLAYGROUND,MANHATTAN    ,6.423,ONE ACRE OR LARGER,0,0,0,0,0,0,0,0
BRADYS POND PARK,STATEN ISLAND,6.402,ONE ACRE OR LARGER,0,0,0,0,0,0,0,0
COOPER PARK,BROOKLYN     ,6.401,ONE ACRE OR LARGER,0,0,0,0,0,1,0,1
GRAVESEND PARK,BROOKLYN     ,6.379,ONE ACRE OR LARGER,0,0,0,0,0,0,0,0
DR. CHARLES R. DREW PARK,QUEENS       ,6.336,ONE ACRE OR LARGER,0,0,0,0,0,0,0,0
TRINITY PARK,BROOKLYN     ,6.300,ONE ACRE OR LARGER,0,0,0,0,0,0,0,0
MADISON SQUARE PARK,MANHATTAN    ,6.234,ONE ACRE OR LARGER,0,0,0,0,0,0,0,0
ELMHURST PARK,QUEENS       ,6.219,ONE ACRE OR LARGER,0,0,0,0,0,1,0,1
FORT HAMILTON ATHLETIC FIELD,BROOKLYN     ,6.194,ONE ACRE OR LARGER,0,0,0,0,0,0,0,0
AMBROSINI FIELD,BRONX        ,6.100,ONE ACRE OR LARGER,0,0,0,0,0,0,0,0
CLEARVIEW PARK,QUEENS       ,6.050,ONE ACRE OR LARGER,0,0,0,0,0,0,0,0
RALPH DEMARCO PARK,QUEENS       ,6.030,ONE ACRE OR LARGER,0,0,0,0,0,0,0,0
WINGATE PARK,BROOKLYN     ,5.888,ONE ACRE OR LARGER,0,0,0,0,0,0,0,0
UNNAMED PARK ON DRUMGOOLE ROAD & HUGUENOT AVENUE,STATEN ISLAND,5.848,ONE ACRE OR LARGER,0,0,0,0,0,0,0,0
DE WITT CLINTON PARK,MANHATTAN    ,5.829,ONE ACRE OR LARGER,0,0,0,0,0,0,0,0
UNNAMED PARK ON BOUNDARY AVENUE,STATEN ISLAND,5.765,ONE ACRE OR LARGER,0,0,0,0,0,0,0,0
VAN VOORHEES PARK,BROOKLYN     ,5.739,ONE ACRE OR LARGER,0,0,0,0,0,0,0,0
HALLETS COVE PLAYGROUND,QUEENS       ,5.700,ONE ACRE OR LARGER,0,0,0,0,0,0,0,0
MCKINLEY PARK,BROOKLYN     ,5.655,ONE ACRE OR LARGER,0,0,0,0,0,0,0,0
SOUTHERN FIELDS,QUEENS       ,5.593,ONE ACRE OR LARGER,0,0,0,0,0,0,0,0
DEVOE PARK,BRONX        ,5.440,ONE ACRE OR LARGER,0,0,0,0,0,0,0,0
ST. MICHAEL'S PLAYGROUND,QUEENS       ,5.430,ONE ACRE OR LARGER,0,0,0,0,0,0,0,0
KENNEDY PLAYGROUND,QUEENS       ,5.400,ONE ACRE OR LARGER,0,0,0,0,0,0,0,0
MAFERA PARK,QUEENS       ,5.400,ONE ACRE OR LARGER,0,0,0,0,0,0,0,0
SEAGIRT AVE WETLANDS,QUEENS       ,5.323,ONE ACRE OR LARGER,0,0,0,0,0,0,0,0
JOHN PAUL JONES PARK,BROOKLYN     ,5.317,ONE ACRE OR LARGER,0,0,0,0,0,0,0,0
WALKER PARK,STATEN ISLAND,5.278,ONE ACRE OR LARGER,0,0,0,0,0,0,0,0
OLD PLACE CREEK PARK,STATEN ISLAND,5.233,ONE ACRE OR LARGER,0,0,0,0,0,0,0,0
HOOVER - MANTON PLAYGROUNDS,QUEENS       ,5.200,ONE ACRE OR LARGER,0,0,0,0,0,0,0,0
GEN. DOUGLAS MACARTHUR PARK,STATEN ISLAND,5.165,ONE ACRE OR LARGER,0,0,0,0,0,0,0,0
GROVER CLEVELAND PLAYGROUND,QUEENS       ,5.100,ONE ACRE OR LARGER,0,0,0,0,0,0,0,0
POLICE OFFICER EDWARD BYRNE PARK,QUEENS       ,4.966,ONE ACRE OR LARGER,0,0,0,0,0,0,0,0
CYPRESS HILLS PLAYGROUND,BROOKLYN     ,4.947,ONE ACRE OR LARGER,0,0,0,0,0,0,0,0
SETH LOW PLAYGROUND/ BEALIN SQUARE,BROOKLYN     ,4.945,ONE ACRE OR LARGER,0,0,0,0,0,0,0,0
KELLY PARK,BROOKLYN     ,4.896,ONE ACRE OR LARGER,0,0,0,0,0,0,0,0
SOCRATES SCULPTURE PARK,QUEENS       ,4.893,ONE ACRE OR LARGER,0,0,0,0,0,0,0,0
BEACH 9 PLAYGROUND,QUEENS       ,4.863,ONE ACRE OR LARGER,0,0,0,0,0,0,0,0
SOUTH BEACH WETLANDS,STATEN ISLAND,4.794,ONE ACRE OR LARGER,0,0,0,0,0,0,0,0
NAPLES PLAYGROUND,STATEN ISLAND,4.784,ONE ACRE OR LARGER,0,0,0,0,0,0,0,0
RAOUL WALLENBERG FOREST,BRONX        ,4.730,ONE ACRE OR LARGER,0,0,0,0,0,0,0,0
WEST HARLEM PIERS,MANHATTAN    ,4.712,ONE ACRE OR LARGER,0,0,0,0,0,0,0,0
SPORTS PARK,STATEN ISLAND,4.647,ONE ACRE OR LARGER,0,0,0,0,0,0,0,0
WASHINGTON'S WALK,BRONX        ,4.637,ONE ACRE OR LARGER,0,0,0,0,0,0,0,0
CAMBRIA PLAYGROUND,QUEENS       ,4.635,ONE ACRE OR LARGER,0,0,0,0,0,0,0,0
MARCONI PARK,QUEENS       ,4.635,ONE ACRE OR LARGER,0,0,0,0,0,0,0,0
VALENTINO PIER,BROOKLYN     ,4.525,ONE ACRE OR LARGER,0,0,0,0,0,0,0,0
GRANITEVILLE QUARRY PARK,STATEN ISLAND,4.465,ONE ACRE OR LARGER,0,0,0,0,0,0,0,0
MONTBELLIER PARK,QUEENS       ,4.427,ONE ACRE OR LARGER,0,0,0,0,0,0,0,0
QUARRY BALLFIELDS,BRONX        ,4.417,ONE ACRE OR LARGER,0,0,0,0,0,0,0,0
RICHMAN (ECHO) PARK,BRONX        ,4.385,ONE ACRE OR LARGER,0,0,0,0,0,0,0,0
JEROME PARK,BRONX        ,4.359,ONE ACRE OR LARGER,0,0,0,0,0,0,0,0
CORLEARS HOOK PARK,MANHATTAN    ,4.355,ONE ACRE OR LARGER,0,0,0,0,0,0,0,0
"PHIL ""SCOOTER"" RIZZUTO PARK",QUEENS       ,4.353,ONE ACRE OR LARGER,0,0,0,0,0,0,0,0
ASPHALT GREEN,MANHATTAN    ,4.350,ONE ACRE OR LARGER,0,0,0,0,0,0,0,0
FABER POOL AND PARK,STATEN ISLAND,4.339,ONE ACRE OR LARGER,0,0,0,0,0,0,0,0
MACHATE CIRCLE,BROOKLYN     ,4.320,ONE ACRE OR LARGER,0,0,0,0,0,0,0,0
HAMILTON FISH PARK,MANHATTAN    ,4.300,ONE ACRE OR LARGER,0,0,0,0,0,0,0,0
TIFFANY STREET PIER,BRONX        ,4.231,ONE ACRE OR LARGER,0,0,0,0,0,0,0,0
KINGDOM POND PARK,STATEN ISLAND,4.220,ONE ACRE OR LARGER,0,0,0,0,0,0,0,0
COLUMBUS PARK BROOKLYN,BROOKLYN     ,4.140,ONE ACRE OR LARGER,0,0,0,0,0,0,0,0
STAPLETON PLAYGROUND,STATEN ISLAND,4.096,ONE ACRE OR LARGER,0,0,0,0,0,0,0,0
STERNBERG PARK,BROOKLYN     ,4.044,ONE ACRE OR LARGER,0,0,1,0,0,0,0,1
COLUCCI PLAYGROUND,BRONX        ,4.000,ONE ACRE OR LARGER,0,0,0,0,0,0,0,0
NORTHERLEIGH PARK,STATEN ISLAND,3.955,ONE ACRE OR LARGER,0,0,0,0,0,0,0,0
STUYVESANT SQUARE,MANHATTAN    ,3.928,ONE ACRE OR LARGER,0,0,0,0,0,0,0,0
LAST CHANCE POND PARK,STATEN ISLAND,3.903,ONE ACRE OR LARGER,0,0,0,0,0,0,0,0
CHELSEA PARK,MANHATTAN    ,3.900,ONE ACRE OR LARGER,0,0,0,0,0,0,0,0
FORDHAM LANDING PLAYGROUND,BRONX        ,3.900,ONE ACRE OR LARGER,0,0,0,0,0,0,0,0
NORTH 5TH STREET PIER AND PARK,BROOKLYN     ,3.882,ONE ACRE OR LARGER,0,0,0,0,0,0,0,0
HAGGERTY PARK,QUEENS       ,3.867,ONE ACRE OR LARGER,0,0,0,0,0,0,0,0
JACOB H. SCHIFF PLAYGROUND,MANHATTAN    ,3.852,ONE ACRE OR LARGER,0,0,0,0,0,0,0,0
GRANT PARK,BRONX        ,3.850,ONE ACRE OR LARGER,0,0,0,0,0,0,0,0
EAST ELMHURST PLAYGROUND,QUEENS       ,3.827,ONE ACRE OR LARGER,0,0,0,0,0,0,0,0
JOSEPH AUSTIN PLAYGROUND,QUEENS       ,3.814,ONE ACRE OR LARGER,0,0,0,0,0,0,0,0
UNNAMED PARK ON ROCKAWAY BOARDWALK & CREST ROAD,QUEENS       ,3.809,ONE ACRE OR LARGER,0,0,0,0,0,0,0,0
LINCOLN CENTER PLAZA,MANHATTAN    ,3.800,ONE ACRE OR LARGER,0,0,0,0,0,0,0,0
INGRAM WOODS,STATEN ISLAND,3.770,ONE ACRE OR LARGER,0,0,0,0,0,0,0,0
FARM PLAYGROUND,QUEENS       ,3.757,ONE ACRE OR LARGER,0,0,0,0,0,0,0,0
HINTON PARK,QUEENS       ,3.735,ONE ACRE OR LARGER,0,0,0,0,0,0,0,0
LOUIS PASTEUR PARK,QUEENS       ,3.673,ONE ACRE OR LARGER,0,0,0,0,0,0,0,0
WHITEY FORD FIELD,QUEENS       ,3.622,ONE ACRE OR LARGER,0,0,0,0,0,0,0,0
POMONOK PLAYGROUND,QUEENS       ,3.596,ONE ACRE OR LARGER,0,0,0,0,0,0,0,0
CLAWSON PLAYGROUND,STATEN ISLAND,3.593,ONE ACRE OR LARGER,0,0,0,0,0,0,0,0
BENNETT REST,MANHATTAN    ,3.567,ONE ACRE OR LARGER,0,0,0,0,0,0,0,0
GOVERNOR SMITH PLAYGROUND,BRONX        ,3.564,ONE ACRE OR LARGER,0,0,0,0,0,0,0,0
PAERDEGAT PARK,BROOKLYN     ,3.560,ONE ACRE OR LARGER,0,0,0,0,0,0,0,0
AMERSFORT PARK,BROOKLYN     ,3.557,ONE ACRE OR LARGER,0,0,0,0,0,0,0,0
CITY LINE PARK,BROOKLYN     ,3.552,ONE ACRE OR LARGER,0,0,1,0,0,0,0,1
BAILEY PLAYGROUND,BRONX        ,3.533,ONE ACRE OR LARGER,0,0,0,0,0,0,0,0
NAUTILUS PLAYGROUND QUEENS,QUEENS       ,3.520,ONE ACRE OR LARGER,0,0,0,0,0,0,0,0
VINMONT VETERAN PARK,BRONX        ,3.500,ONE ACRE OR LARGER,0,0,0,0,0,0,0,0
MCDONALD PLAYGROUND BROOKLYN,BROOKLYN     ,3.485,ONE ACRE OR LARGER,0,0,0,0,0,0,0,0
THE OLDE TOWNE OF FLUSHING BURIAL GROUND,QUEENS       ,3.474,ONE ACRE OR LARGER,0,0,0,0,0,0,0,0
WEGENER PARK,STATEN ISLAND,3.464,ONE ACRE OR LARGER,0,0,0,0,0,0,0,0
UNNAMED PARK ON BEACH CHANNEL DRIVE & BEACH 89TH TO OLD BEACH 88TH STREET,QUEENS       ,3.430,ONE ACRE OR LARGER,0,0,0,0,0,0,0,0
JULIO CARBALLO FIELDS,BRONX        ,3.428,ONE ACRE OR LARGER,0,0,0,0,0,0,0,0
GRADY PLAYGROUND,BROOKLYN     ,3.403,ONE ACRE OR LARGER,0,0,2,0,0,0,0,2
BREININGER PARK,QUEENS       ,3.400,ONE ACRE OR LARGER,0,0,0,0,0,0,0,0
CO-OP CITY FIELD,BRONX        ,3.400,ONE ACRE OR LARGER,0,0,0,0,0,0,0,0
ST. MICHAEL'S PARK,QUEENS       ,3.400,ONE ACRE OR LARGER,0,0,0,0,0,0,0,0
GREENWOOD PLAYGROUND,BROOKLYN     ,3.390,ONE ACRE OR LARGER,0,0,0,0,0,0,0,0
ST. ANDREW'S PLAYGROUND,BROOKLYN     ,3.380,ONE ACRE OR LARGER,0,0,1,0,0,0,0,1
SEWARD PARK,MANHATTAN    ,3.361,ONE ACRE OR LARGER,0,0,0,0,0,1,0,1
BEHAGEN PLAYGROUND,BRONX        ,3.348,ONE ACRE OR LARGER,0,0,0,0,0,0,0,0
DUGAN PLAYGROUND,STATEN ISLAND,3.333,ONE ACRE OR LARGER,0,0,0,0,0,0,0,0
EVERGREEN PARK,QUEENS       ,3.320,ONE ACRE OR LARGER,0,0,0,0,0,0,0,0
JOHN JAY PARK,MANHATTAN    ,3.312,ONE ACRE OR LARGER,0,0,0,0,0,0,0,0
UNIVERSITY WOODS,BRONX        ,3.306,ONE ACRE OR LARGER,0,0,0,0,0,0,0,0
WATSON GLEASON PLAYGROUND,BRONX        ,3.301,ONE ACRE OR LARGER,0,0,0,0,0,0,0,0
TOTTENVILLE POOL,STATEN ISLAND,3.259,ONE ACRE OR LARGER,0,0,0,0,0,0,0,0
VITO LOCASCIO FIELD,QUEENS       ,3.258,ONE ACRE OR LARGER,0,0,0,0,0,0,0,0
CALLAHAN-KELLY PLAYGROUND,BROOKLYN     ,3.253,ONE ACRE OR LARGER,0,0,0,0,0,0,0,0
JUDGE MOSES WEINSTEIN PLAYGROUND,QUEENS       ,3.250,ONE ACRE OR LARGER,0,0,0,0,0,0,0,0
COLUMBUS PARK AT MANHATTAN,MANHATTAN    ,3.233,ONE ACRE OR LARGER,0,0,1,0,0,0,0,1
GREENCROFT PLAYGROUND,STATEN ISLAND,3.230,ONE ACRE OR LARGER,0,0,0,0,0,0,0,0
BILL BROWN PLAYGROUND,BROOKLYN     ,3.214,ONE ACRE OR LARGER,0,0,0,0,0,0,0,0
SARATOGA PARK,BROOKLYN     ,3.214,ONE ACRE OR LARGER,0,0,0,0,0,0,0,0
SCARANGELLA PARK,BROOKLYN     ,3.214,ONE ACRE OR LARGER,0,0,0,0,0,0,0,0
JAMAICA PLAYGROUND,QUEENS       ,3.210,ONE ACRE OR LARGER,0,0,0,0,0,1,0,1
NOBLE PLAYGROUND,BRONX        ,3.210,ONE ACRE OR LARGER,0,0,0,1,0,0,0,1
MARCY PLAYGROUND,BROOKLYN     ,3.201,ONE ACRE OR LARGER,0,0,0,0,0,0,0,0
LYONS POOL,STATEN ISLAND,3.195,ONE ACRE OR LARGER,0,0,0,0,0,0,0,0
WAYANDA PARK,QUEENS       ,3.170,ONE ACRE OR LARGER,0,0,0,0,0,0,0,0
AMERICAN VETERANS MEMORIAL PIER,BROOKLYN     ,3.169,ONE ACRE OR LARGER,0,0,0,0,0,0,0,0
HOLCOMBE RUCKER PARK,MANHATTAN    ,3.125,ONE ACRE OR LARGER,0,0,0,0,0,0,0,0
JESSE OWENS PLAYGROUND,BROOKLYN     ,3.100,ONE ACRE OR LARGER,0,0,0,0,0,0,0,0
EAST RIVER WALK,MANHATTAN    ,3.089,ONE ACRE OR LARGER,0,0,0,0,0,0,0,0
PARK OF THE AMERICAS,QUEENS       ,3.076,ONE ACRE OR LARGER,0,0,0,1,0,0,0,1
BROOKLYN HEIGHTS PROMENADE,BROOKLYN     ,3.035,ONE ACRE OR LARGER,0,0,0,0,0,0,0,0
J.J. BYRNE PLAYGROUND,BROOKLYN     ,3.030,ONE ACRE OR LARGER,0,0,0,0,0,0,0,0
HERO PARK,STATEN ISLAND,3.024,ONE ACRE OR LARGER,0,0,0,0,0,0,0,0
NOSTRAND PLAYGROUND,BROOKLYN     ,3.023,ONE ACRE OR LARGER,0,0,0,0,0,0,0,0
FORT INDEPENDENCE PLAYGROUND,BRONX        ,3.020,ONE ACRE OR LARGER,0,0,0,0,0,0,0,0
BROWNSVILLE PLAYGROUND,BROOKLYN     ,3.017,ONE ACRE OR LARGER,0,0,0,0,0,0,0,0
GRANDVIEW PLAYGROUND,STATEN ISLAND,3.014,ONE ACRE OR LARGER,0,0,0,0,0,0,0,0
LAWRENCE VIRGILIO PLAYGROUND,QUEENS       ,3.009,ONE ACRE OR LARGER,0,0,0,0,0,0,0,0
JACOB JOFFE FIELDS,BROOKLYN     ,2.984,ONE ACRE OR LARGER,0,0,0,0,0,0,0,0
CLASSON PLAYGROUND AT CLASSON AVENUE & KENT,BROOKLYN     ,2.982,ONE ACRE OR LARGER,0,0,0,0,0,0,0,0
UTOPIA PLAYGROUND,QUEENS       ,2.980,ONE ACRE OR LARGER,0,0,0,0,0,0,0,0
BATH BEACH PARK,BROOKLYN     ,2.964,ONE ACRE OR LARGER,0,0,0,0,0,1,0,1
GLEN OAKS OVAL,QUEENS       ,2.948,ONE ACRE OR LARGER,0,0,0,0,0,0,0,0
MERRIAM PLAYGROUND,BRONX        ,2.944,ONE ACRE OR LARGER,0,0,0,0,0,0,0,0
POSEIDON PLAYGROUND,BROOKLYN     ,2.944,ONE ACRE OR LARGER,0,0,0,0,0,0,0,0
ROBERT E. VENABLE PARK,BROOKLYN     ,2.939,ONE ACRE OR LARGER,0,0,0,0,0,0,0,0
LEFFERTS PLAYGROUND,QUEENS       ,2.937,ONE ACRE OR LARGER,0,0,0,0,0,0,0,0
WALT WHITMAN PARK,BROOKLYN     ,2.913,ONE ACRE OR LARGER,0,0,0,0,0,0,0,0
WESTERLEIGH PARK,STATEN ISLAND,2.889,ONE ACRE OR LARGER,0,0,0,0,0,0,0,0
PETERS FIELD,QUEENS       ,2.872,ONE ACRE OR LARGER,0,0,0,0,0,0,0,0
DELPHIN H. GREENE PLAYGROUND,QUEENS       ,2.861,ONE ACRE OR LARGER,0,0,0,0,0,0,0,0
HOFFMAN PARK,QUEENS       ,2.857,ONE ACRE OR LARGER,0,0,0,0,0,0,0,0
MARKHAM PLAYGROUND,STATEN ISLAND,2.836,ONE ACRE OR LARGER,0,0,0,0,0,0,0,0
SPERANDEO BROTHERS PLAYGROUND,BROOKLYN     ,2.799,ONE ACRE OR LARGER,0,0,0,0,0,0,0,0
BUSHWICK PLAYGROUND ON KNICKERBOCKER AVENUE,BROOKLYN     ,2.783,ONE ACRE OR LARGER,0,0,0,0,0,0,0,0
IRVING SQUARE PARK,BROOKLYN     ,2.760,ONE ACRE OR LARGER,0,0,0,0,0,0,0,0
ST. VARTAN PARK,MANHATTAN    ,2.759,ONE ACRE OR LARGER,0,0,0,0,0,0,0,0
RAVENSWOOD PLAYGROUND,QUEENS       ,2.758,ONE ACRE OR LARGER,0,0,0,0,0,0,0,0
GORMAN PLAYGROUND,QUEENS       ,2.755,ONE ACRE OR LARGER,0,0,0,0,0,0,0,0
LOUIS CUVILLIER PARK,MANHATTAN    ,2.752,ONE ACRE OR LARGER,0,0,0,0,0,0,0,0
GRACE PLAYGROUND,BROOKLYN     ,2.744,ONE ACRE OR LARGER,0,0,0,0,0,0,0,0
GREEN CENTRAL KNOLL,BROOKLYN     ,2.741,ONE ACRE OR LARGER,0,0,0,0,0,0,0,0
DETECTIVE WILLIAM T. GUNN PARK,QUEENS       ,2.719,ONE ACRE OR LARGER,0,0,0,0,0,0,0,0
HOLY COW PLAYGROUND,QUEENS       ,2.700,ONE ACRE OR LARGER,0,0,0,0,0,0,0,0
BAYSIDE FIELDS,QUEENS       ,2.690,ONE ACRE OR LARGER,0,0,0,0,0,0,0,0
HICKMAN PLAYGROUND,BROOKLYN     ,2.656,ONE ACRE OR LARGER,0,0,0,0,0,0,0,0
ARBUTUS WOODS PARK,STATEN ISLAND,2.650,ONE ACRE OR LARGER,0,0,0,0,0,0,0,0
STARS & STRIPES PLAYGROUND,BRONX        ,2.646,ONE ACRE OR LARGER,0,0,0,0,0,0,0,0
P.O. SERRANO PLAYGROUND,BRONX        ,2.618,ONE ACRE OR LARGER,0,0,0,0,0,0,0,0
COLEMAN PLAYGROUND,MANHATTAN    ,2.610,ONE ACRE OR LARGER,0,0,1,0,0,1,0,2
MARGARET I. CARMAN GREEN - WEEPING BEECH,QUEENS       ,2.600,ONE ACRE OR LARGER,0,0,0,0,0,0,0,0
KATHY REILLY TRIANGLE,BROOKLYN     ,2.589,ONE ACRE OR LARGER,0,0,0,0,0,0,0,0
RIVERDALE PLAYGROUND,BRONX        ,2.580,ONE ACRE OR LARGER,0,0,0,0,0,0,0,0
MARIE CURIE PARK,QUEENS       ,2.552,ONE ACRE OR LARGER,0,0,0,0,0,0,0,0
EDENWALD PLAYGROUND,BRONX        ,2.537,ONE ACRE OR LARGER,0,0,0,0,0,0,0,0
THOMAS GREENE PLAYGROUND,BROOKLYN     ,2.525,ONE ACRE OR LARGER,0,0,0,0,0,0,0,0
MURRAY PLAYGROUND,QUEENS       ,2.524,ONE ACRE OR LARGER,0,0,0,0,0,0,0,0
BATHGATE PLAYGROUND,BRONX        ,2.500,ONE ACRE OR LARGER,0,0,0,0,0,0,0,0
BIG BUSH PARK,QUEENS       ,2.500,ONE ACRE OR LARGER,0,0,0,0,0,0,0,0
JOSEPH RODMAN DRAKE PARK,BRONX        ,2.490,ONE ACRE OR LARGER,0,0,0,0,0,0,0,0
INDEPENCE PARK SYLVAN GROVE CEMETERY,STATEN ISLAND,2.476,ONE ACRE OR LARGER,0,0,0,0,0,0,0,0
ALLEY PARK,QUEENS       ,2.446,ONE ACRE OR LARGER,0,0,0,0,0,0,0,0
FREDERICK JOHNSON PLAYGROUND,MANHATTAN    ,2.445,ONE ACRE OR LARGER,0,0,0,0,0,0,0,0
DAMROSCH PARK,MANHATTAN    ,2.443,ONE ACRE OR LARGER,0,0,0,0,0,0,0,0
ASSER LEVY PLAYGROUND,MANHATTAN    ,2.436,ONE ACRE OR LARGER,0,0,0,0,0,0,0,0
HARRY MAZE PLAYGROUND,BROOKLYN     ,2.427,ONE ACRE OR LARGER,0,0,0,0,0,0,0,0
LOST BATTALION HALL RECREATION CENTER,QUEENS       ,2.412,ONE ACRE OR LARGER,0,0,0,0,0,0,0,0
DUTCH KILLS PLAYGROUND,QUEENS       ,2.400,ONE ACRE OR LARGER,0,0,1,0,0,0,0,1
KOSCIUSZKO POOL,BROOKLYN     ,2.391,ONE ACRE OR LARGER,0,0,0,0,0,0,0,0
WEST PLAYGROUND,BROOKLYN     ,2.387,ONE ACRE OR LARGER,0,0,0,0,0,0,0,0
HOMECREST PLAYGROUND,BROOKLYN     ,2.372,ONE ACRE OR LARGER,0,0,0,0,0,1,0,1
DE MATTI PLAYGROUND,STATEN ISLAND,2.335,ONE ACRE OR LARGER,0,0,0,0,0,0,0,0
POE PARK,BRONX        ,2.331,ONE ACRE OR LARGER,0,0,0,0,0,0,0,0
OVERLOOK PARK,QUEENS       ,2.327,ONE ACRE OR LARGER,0,0,0,0,0,0,0,0
BARUCH PLAYGROUND,MANHATTAN    ,2.320,ONE ACRE OR LARGER,0,0,0,0,0,0,0,0
FLOYD PATTERSON BALLFIELDS,BROOKLYN     ,2.300,ONE ACRE OR LARGER,0,0,0,0,0,0,0,0
OSBORN PLAYGROUND,BROOKLYN     ,2.300,ONE ACRE OR LARGER,0,0,0,0,0,0,0,0
RAILROAD PLAYGROUND,BROOKLYN     ,2.300,ONE ACRE OR LARGER,0,0,0,0,0,0,0,0
TRIBORO PLAZA,MANHATTAN    ,2.300,ONE ACRE OR LARGER,0,0,0,0,0,0,0,0
POWER PLAYGROUND,BROOKLYN     ,2.295,ONE ACRE OR LARGER,0,0,0,0,0,0,0,0
MONSIGNOR CRAWFORD FIELD,BROOKLYN     ,2.291,ONE ACRE OR LARGER,0,0,0,0,0,0,0,0
MARTIN LUTHER KING JR. PLAYGROUND,BROOKLYN     ,2.290,ONE ACRE OR LARGER,0,0,0,0,0,0,0,0
P.O. REINALDO SALGADO PLAYGROUND,BROOKLYN     ,2.289,ONE ACRE OR LARGER,0,0,1,0,0,0,0,1
CARLTON PARK AT CARLTON AVENUE & FOSTER ROAD,STATEN ISLAND,2.288,ONE ACRE OR LARGER,0,0,0,0,0,0,0,0
CENTURY PLAYGROUND,BROOKLYN     ,2.282,ONE ACRE OR LARGER,0,0,0,0,0,0,0,0
SOUTH PACIFIC PLAYGROUND,BROOKLYN     ,2.264,ONE ACRE OR LARGER,0,0,0,0,0,0,0,0
NORTH SHORE ESPLANADE,STATEN ISLAND,2.252,ONE ACRE OR LARGER,0,0,0,0,0,0,0,0
FOX PLAYGROUND BROOKLYN,BROOKLYN     ,2.250,ONE ACRE OR LARGER,0,0,0,0,0,0,0,0
VLEIGH PLAYGROUND,QUEENS       ,2.243,ONE ACRE OR LARGER,0,0,0,0,0,0,0,0
LAREDO AVENUE PARCEL,STATEN ISLAND,2.223,ONE ACRE OR LARGER,0,0,0,0,0,0,0,0
FREDERICK B. JUDGE PLAYGROUND,QUEENS       ,2.217,ONE ACRE OR LARGER,0,0,0,0,0,0,0,0
BELMONT PLAYGROUND BRONX,BRONX        ,2.213,ONE ACRE OR LARGER,0,0,0,0,0,0,0,0
MAHONEY PLAYGROUND,STATEN ISLAND,2.210,ONE ACRE OR LARGER,0,0,1,0,0,0,0,1
ANCHORAGE PLAZA,BROOKLYN     ,2.200,ONE ACRE OR LARGER,0,0,0,0,0,0,0,0
ASTORIA HEIGHTS PLAYGROUND,QUEENS       ,2.200,ONE ACRE OR LARGER,0,0,0,0,0,0,0,0
HOYT PLAYGROUND,QUEENS       ,2.200,ONE ACRE OR LARGER,0,0,0,0,0,0,0,0
LORETO PLAYGROUND,BRONX        ,2.181,ONE ACRE OR LARGER,0,0,0,0,0,0,0,0
HARDING PARK,BRONX        ,2.160,ONE ACRE OR LARGER,0,0,0,0,0,0,0,0
WASHINGTON MARKET PARK,MANHATTAN    ,2.150,ONE ACRE OR LARGER,0,0,0,0,0,0,0,0
VIDALIA PARK,BRONX        ,2.136,ONE ACRE OR LARGER,0,0,0,0,0,0,0,0
UNNAMED PARK ON E 122ND STREET,MANHATTAN    ,2.130,ONE ACRE OR LARGER,0,0,0,0,0,0,0,0
BRIDGE PARK BROOKLYN,BROOKLYN     ,2.117,ONE ACRE OR LARGER,0,0,0,0,0,1,0,1
HAMILTON METZ FIELD,BROOKLYN     ,2.112,ONE ACRE OR LARGER,0,0,0,0,0,0,0,0
CARDOZO PLAYGROUND,QUEENS       ,2.096,ONE ACRE OR LARGER,0,0,0,0,0,0,0,0
CENTREVILLE PLAYGROUND,QUEENS       ,2.095,ONE ACRE OR LARGER,0,0,0,0,0,0,0,0
REDFERN PLAYGROUND,QUEENS       ,2.093,ONE ACRE OR LARGER,0,0,0,0,0,0,0,0
SHEEPSHEAD PLAYGROUND,BROOKLYN     ,2.087,ONE ACRE OR LARGER,0,0,0,0,0,0,0,0
STORY PLAYGROUND,BRONX        ,2.075,ONE ACRE OR LARGER,0,0,0,0,0,0,0,0
SAKURA PARK,MANHATTAN    ,2.067,ONE ACRE OR LARGER,0,0,0,0,0,0,0,0
LINNAEUS PARK,QUEENS       ,2.066,ONE ACRE OR LARGER,0,0,0,0,0,0,0,0
CASTLEWOOD PLAYGROUND,QUEENS       ,2.059,ONE ACRE OR LARGER,0,0,0,0,0,0,0,0
SKYLINE PLAYGROUND,STATEN ISLAND,2.057,ONE ACRE OR LARGER,0,0,0,0,0,0,0,0
CLOVE'S TAIL,STATEN ISLAND,2.056,ONE ACRE OR LARGER,0,0,0,0,0,0,0,0
DANIEL M. O'CONNELL PLAYGROUND,QUEENS       ,2.043,ONE ACRE OR LARGER,0,0,0,0,0,0,0,0
CHALLENGE PLAYGROUND,QUEENS       ,2.035,ONE ACRE OR LARGER,0,0,0,0,0,0,0,0
TORSNEY PLAYGROUND,QUEENS       ,2.027,ONE ACRE OR LARGER,0,0,0,0,0,0,0,0
LOCUST MANOR PLAYGROUND,QUEENS       ,2.003,ONE ACRE OR LARGER,0,0,0,0,0,0,0,0
PLAYGROUND ONE THIRTY FOUR CXXXIV,BRONX        ,2.000,ONE ACRE OR LARGER,0,0,0,0,0,0,0,0
FULTON PARK,BROOKLYN     ,1.987,ONE ACRE OR LARGER,0,0,0,1,0,1,0,2
ANDREW HASWELL GREEN PARK,MANHATTAN    ,1.984,ONE ACRE OR LARGER,0,0,0,0,0,0,0,0
MOORE HOMESTEAD PLAYGROUND,QUEENS       ,1.978,ONE ACRE OR LARGER,0,0,0,1,0,0,0,1
MCLAUGHLIN PARK,BROOKLYN     ,1.976,ONE ACRE OR LARGER,0,0,1,0,0,0,0,1
COLONEL DAVID MARCUS PLAYGROUND,BROOKLYN     ,1.974,ONE ACRE OR LARGER,0,0,0,0,0,0,0,0
SUMNER PLAYGROUND,BROOKLYN     ,1.970,ONE ACRE OR LARGER,0,0,0,0,0,0,0,0
ROSEMARY'S PLAYGROUND,QUEENS       ,1.967,ONE ACRE OR LARGER,0,0,0,0,0,0,0,0
SAUL WEPRIN PLAYGROUND,QUEENS       ,1.964,ONE ACRE OR LARGER,0,0,0,0,0,0,0,0
FREDERICK DOUGLASS PLAYGROUND,MANHATTAN    ,1.945,ONE ACRE OR LARGER,0,0,0,0,0,1,0,1
UNNAMED PARK ON HEMPSTEAD AVENUE,QUEENS       ,1.940,ONE ACRE OR LARGER,0,0,0,0,0,0,0,0
BRIDGE PARK 3,BROOKLYN     ,1.934,ONE ACRE OR LARGER,0,0,0,0,0,0,0,0
THE PAINTER'S PLAYGROUND,QUEENS       ,1.932,ONE ACRE OR LARGER,0,0,0,0,0,0,0,0
ROBERTO CLEMENTE BALLFIELD,BROOKLYN     ,1.930,ONE ACRE OR LARGER,0,0,0,0,0,0,0,0
TERRACE PLAYGROUND,STATEN ISLAND,1.922,ONE ACRE OR LARGER,0,0,0,0,0,0,0,0
TRAVERS PARK,QUEENS       ,1.919,ONE ACRE OR LARGER,0,0,0,0,0,0,0,0
BUFANO PARK,BRONX        ,1.904,ONE ACRE OR LARGER,0,0,0,0,0,0,0,0
DIMATTINA PLAYGROUND,BROOKLYN     ,1.900,ONE ACRE OR LARGER,0,0,0,0,0,0,0,0
HERMAN DOLGON PLAYGROUND,BROOKLYN     ,1.894,ONE ACRE OR LARGER,0,0,0,0,0,0,0,0
GORMAN PARK,MANHATTAN    ,1.890,ONE ACRE OR LARGER,0,0,1,0,0,0,0,1
WILLIS PLAYGROUND,BRONX        ,1.882,ONE ACRE OR LARGER,0,0,0,0,0,0,0,0
WEST BRONX RECREATION CENTER,BRONX        ,1.880,ONE ACRE OR LARGER,0,0,0,0,0,0,0,0
THOMAS PAINE PARK,MANHATTAN    ,1.875,ONE ACRE OR LARGER,0,0,0,0,0,0,0,0
CARROLL PARK,BROOKLYN     ,1.874,ONE ACRE OR LARGER,0,0,0,0,0,0,0,0
COLGATE CLOSE,BRONX        ,1.871,ONE ACRE OR LARGER,0,0,0,0,0,0,0,0
LONDON PLANETREE PLAYGROUND,QUEENS       ,1.837,ONE ACRE OR LARGER,0,0,0,0,0,0,0,0
SUTTER BALLFIELDS,BROOKLYN     ,1.836,ONE ACRE OR LARGER,0,0,0,0,0,0,0,0
TAAFFE PLAYGROUND,BROOKLYN     ,1.821,ONE ACRE OR LARGER,0,0,0,0,0,0,0,0
GIVAN SQUARE,BRONX        ,1.820,ONE ACRE OR LARGER,0,0,0,0,0,0,0,0
THOMAS BOYLAND PARK,BROOKLYN     ,1.820,ONE ACRE OR LARGER,0,0,0,0,0,0,0,0
HAROLD ICKES PLAYGROUND,BROOKLYN     ,1.816,ONE ACRE OR LARGER,0,0,0,0,0,0,0,0
REV J POLITE PLAYGROUND,BRONX        ,1.815,ONE ACRE OR LARGER,0,0,0,0,0,0,0,0
MAPES BALLFIELD,BRONX        ,1.806,ONE ACRE OR LARGER,0,0,0,0,0,0,0,0
MIDLAND MALLS,QUEENS       ,1.803,ONE ACRE OR LARGER,0,0,0,0,0,0,0,0
BENNETT PARK,MANHATTAN    ,1.800,ONE ACRE OR LARGER,0,0,0,0,0,0,0,0
CEDAR PLAYGROUND,BRONX        ,1.800,ONE ACRE OR LARGER,0,0,0,0,0,0,0,0
CONCH PLAYGROUND,QUEENS       ,1.800,ONE ACRE OR LARGER,0,0,0,0,0,0,0,0
RAYMOND BUSH PLAYGROUND,BROOKLYN     ,1.795,ONE ACRE OR LARGER,0,0,0,0,0,0,0,0
PLAYGROUND 52 LII,BRONX        ,1.793,ONE ACRE OR LARGER,0,0,0,0,0,0,0,0
DR. GREEN PLAYGROUND,BROOKLYN     ,1.791,ONE ACRE OR LARGER,0,0,0,0,0,0,0,0
BRUST PARK,BRONX        ,1.790,ONE ACRE OR LARGER,0,0,0,0,0,0,0,0
LAURELTON PLAYGROUND,QUEENS       ,1.785,ONE ACRE OR LARGER,0,0,0,0,0,0,0,0
MANOR PARK,STATEN ISLAND,1.780,ONE ACRE OR LARGER,0,0,0,0,0,0,0,0
SIMEONE PARK,QUEENS       ,1.780,ONE ACRE OR LARGER,0,0,0,0,0,0,0,0
TAPPEN PARK,STATEN ISLAND,1.777,ONE ACRE OR LARGER,0,0,0,0,0,0,0,0
LUNA PARK,BROOKLYN     ,1.760,ONE ACRE OR LARGER,0,0,0,0,0,0,0,0
ALFRED E. SMITH PLAYGROUND,MANHATTAN    ,1.750,ONE ACRE OR LARGER,0,0,0,0,0,0,0,0
ELECTRIC PLAYGROUND,QUEENS       ,1.749,ONE ACRE OR LARGER,0,0,0,0,0,0,0,0
YELLOWSTONE PARK,QUEENS       ,1.745,ONE ACRE OR LARGER,0,0,0,0,0,0,0,0
CORONA GOLF PLAYGROUND,QUEENS       ,1.722,ONE ACRE OR LARGER,0,0,0,0,0,0,0,0
WILSON PLAYGROUND,BROOKLYN     ,1.721,ONE ACRE OR LARGER,0,0,0,0,0,0,0,0
NORTHERN PLAYGROUND,QUEENS       ,1.719,ONE ACRE OR LARGER,0,0,0,0,0,0,0,0
BARTEL-PRITCHARD SQUARE,BROOKLYN     ,1.711,ONE ACRE OR LARGER,0,0,0,0,0,0,0,0
DOUGHBOY PLAZA,QUEENS       ,1.710,ONE ACRE OR LARGER,0,0,0,0,0,0,0,0
CASTLE HILL LITTLE LEAGUE FIELD,BRONX        ,1.707,ONE ACRE OR LARGER,0,0,0,0,0,0,0,0
GRAND FERRY PARK,BROOKLYN     ,1.700,ONE ACRE OR LARGER,0,0,0,0,0,0,0,0
HAPPY WARRIOR PLAYGROUND,MANHATTAN    ,1.700,ONE ACRE OR LARGER,0,0,0,0,0,0,0,0
ALLEN MALL ONE,MANHATTAN    ,1.698,ONE ACRE OR LARGER,0,0,0,0,0,0,0,0
PLAYGROUND ONE TWENTY FIVE CXXV,MANHATTAN    ,1.691,ONE ACRE OR LARGER,0,0,0,0,0,0,0,0
STAR SPANGLED PLAYGROUND,BROOKLYN     ,1.687,ONE ACRE OR LARGER,0,0,0,0,0,0,0,0
PATTERSON PLAYGROUND,BRONX        ,1.683,ONE ACRE OR LARGER,0,0,0,0,0,0,0,0
MOUNT EDEN MALLS,BRONX        ,1.682,ONE ACRE OR LARGER,0,0,0,0,0,0,0,0
MIDLAND PLAYGROUND,STATEN ISLAND,1.681,ONE ACRE OR LARGER,0,0,0,0,0,0,0,0
ADAM CLAYTON POWELL JR. MALLS,MANHATTAN    ,1.679,ONE ACRE OR LARGER,0,0,0,0,0,0,0,0
BANNEKER PLAYGROUND,BROOKLYN     ,1.670,ONE ACRE OR LARGER,0,0,0,0,0,0,0,0
JAMES J WALKER PARK,MANHATTAN    ,1.670,ONE ACRE OR LARGER,0,0,0,0,0,0,0,0
WHITESTONE PLAYGROUND,QUEENS       ,1.662,ONE ACRE OR LARGER,0,0,0,0,0,0,0,0
EQUITY PARK,QUEENS       ,1.657,ONE ACRE OR LARGER,0,0,0,0,0,0,0,0
THURSBY BASIN PARK,QUEENS       ,1.657,ONE ACRE OR LARGER,0,0,0,0,0,0,0,0
BELL MALLS,QUEENS       ,1.652,ONE ACRE OR LARGER,0,0,0,0,0,0,0,0
LEIF ERICSON FIELDS,BROOKLYN     ,1.650,ONE ACRE OR LARGER,0,0,0,0,0,0,0,0
NEHEMIAH PARK,BROOKLYN     ,1.648,ONE ACRE OR LARGER,0,0,1,0,0,0,0,1
MARBLE HILL PLAYGROUND,BRONX        ,1.646,ONE ACRE OR LARGER,0,0,1,0,0,0,0,1
WAGNER HOUSES POOL,MANHATTAN    ,1.640,ONE ACRE OR LARGER,0,0,0,0,0,0,0,0
HARLEM LANE PLAYGROUND,MANHATTAN    ,1.635,ONE ACRE OR LARGER,0,0,0,0,0,0,0,0
CROWLEY PLAYGROUND,QUEENS       ,1.633,ONE ACRE OR LARGER,0,0,0,0,0,0,0,0
BURNS PLAYGROUND,BRONX        ,1.623,ONE ACRE OR LARGER,0,0,0,0,0,0,0,0
100% PLAYGROUND,BROOKLYN     ,1.616,ONE ACRE OR LARGER,0,0,0,0,0,0,0,0
JACKIE ROBINSON PARK BROOKLYN,BROOKLYN     ,1.607,ONE ACRE OR LARGER,0,0,0,0,0,0,0,0
IDA COURT,STATEN ISLAND,1.600,ONE ACRE OR LARGER,0,0,0,0,0,0,0,0
JENNIFER'S PLAYGROUND,STATEN ISLAND,1.600,ONE ACRE OR LARGER,0,0,0,0,0,0,0,0
REAL GOOD PARK,QUEENS       ,1.598,ONE ACRE OR LARGER,0,0,0,0,0,0,0,0
ALLERTON PLAYGROUND,BRONX        ,1.597,ONE ACRE OR LARGER,0,0,0,0,0,0,0,0
OCEAN HILL PLAYGROUND,BROOKLYN     ,1.595,ONE ACRE OR LARGER,0,0,0,0,0,0,0,0
BELLEVUE SOUTH PARK,MANHATTAN    ,1.593,ONE ACRE OR LARGER,0,0,0,0,0,0,0,0
DAG HAMMARSKJOLD PLAZA,MANHATTAN    ,1.590,ONE ACRE OR LARGER,0,0,0,0,0,0,0,0
MAZZEI PLAYGROUND,BRONX        ,1.590,ONE ACRE OR LARGER,0,0,0,0,0,0,0,0
KOLBERT PLAYGROUND,BROOKLYN     ,1.581,ONE ACRE OR LARGER,0,0,0,0,0,0,0,0
OLMSTED-BEIL HOUSE PARK,STATEN ISLAND,1.580,ONE ACRE OR LARGER,0,0,0,0,0,0,0,0
POOR RICHARD'S PLAYGROUND,MANHATTAN    ,1.580,ONE ACRE OR LARGER,0,0,0,0,0,0,0,0
JOAN OF ARC PARK,MANHATTAN    ,1.578,ONE ACRE OR LARGER,0,0,0,0,0,0,0,0
TAYLOR PLAYGROUND,BRONX        ,1.578,ONE ACRE OR LARGER,0,0,0,0,0,0,0,0
HARMONY PARK,BROOKLYN     ,1.560,ONE ACRE OR LARGER,0,0,0,0,0,0,0,0
BRIARWOOD PLAYGROUND,QUEENS       ,1.558,ONE ACRE OR LARGER,0,0,0,0,0,0,0,0
CLINTONVILLE PLAYGROUND,QUEENS       ,1.553,ONE ACRE OR LARGER,0,0,0,0,0,0,0,0
FLATBUSH MALLS,BROOKLYN     ,1.550,ONE ACRE OR LARGER,0,0,0,0,0,0,0,0
WASHINGTON PARK BROOKLYN,BROOKLYN     ,1.549,ONE ACRE OR LARGER,0,0,0,0,0,0,0,0
JOHN HANCOCK PLAYGROUND,BROOKLYN     ,1.547,ONE ACRE OR LARGER,0,0,0,0,0,0,0,0
FRANK D. O'CONNOR PLAYGROUND,QUEENS       ,1.537,ONE ACRE OR LARGER,0,0,0,0,0,0,0,0
OLD TOWN PLAYGROUND,STATEN ISLAND,1.534,ONE ACRE OR LARGER,0,0,0,0,0,0,0,0
HUGUENOT PONDS PARK,STATEN ISLAND,1.530,ONE ACRE OR LARGER,0,0,0,0,0,0,0,0
REIFF PLAYGROUND,QUEENS       ,1.529,ONE ACRE OR LARGER,0,0,0,0,0,0,0,0
RUSSELL SAGE PLAYGROUND,QUEENS       ,1.526,ONE ACRE OR LARGER,0,0,0,0,0,0,0,0
ROGER MORRIS PARK,MANHATTAN    ,1.524,ONE ACRE OR LARGER,0,0,0,0,0,0,0,0
BROAD CHANNEL PARK,QUEENS       ,1.520,ONE ACRE OR LARGER,0,0,0,0,0,0,0,0
JOHN ALLEN PAYNE PARK,BROOKLYN     ,1.510,ONE ACRE OR LARGER,0,0,0,0,0,0,0,0
SPUYTEN DUYVIL PLAYGROUND,BRONX        ,1.510,ONE ACRE OR LARGER,0,0,0,0,0,0,0,0
BULOVA PARK,QUEENS       ,1.502,ONE ACRE OR LARGER,0,0,0,0,0,0,0,0
DECATUR PLAYGROUND,BROOKLYN     ,1.500,ONE ACRE OR LARGER,0,0,0,0,0,0,0,0
DRY DOCK PLAYGROUND,MANHATTAN    ,1.500,ONE ACRE OR LARGER,0,0,0,0,0,0,0,0
GOLCONDA PLAYGROUND,BROOKLYN     ,1.500,ONE ACRE OR LARGER,0,0,0,0,0,0,0,0
MAPLE GROVE PARK,QUEENS       ,1.500,ONE ACRE OR LARGER,0,0,0,0,0,0,0,0
UNNAMED PARK ON RIVERSIDE DRIVE,MANHATTAN    ,1.494,ONE ACRE OR LARGER,0,0,0,0,0,0,0,0
MARX BROTHERS PLAYGROUND,MANHATTAN    ,1.486,ONE ACRE OR LARGER,0,0,0,0,0,0,0,0
BREVOORT PLAYGROUND,BROOKLYN     ,1.485,ONE ACRE OR LARGER,0,0,0,0,0,0,0,0
PLAYGROUND SIXTY TWO LXII,QUEENS       ,1.480,ONE ACRE OR LARGER,0,0,0,0,0,0,0,0
TALL OAK PLAYGROUND,QUEENS       ,1.480,ONE ACRE OR LARGER,0,0,0,0,0,0,0,0
FRONTERA PARK,QUEENS       ,1.470,ONE ACRE OR LARGER,0,0,0,0,0,0,0,0
COLDEN PLAYGROUND,QUEENS       ,1.466,ONE ACRE OR LARGER,0,0,0,0,0,0,0,0
LUTHER GULICK PLAYGROUND,MANHATTAN    ,1.451,ONE ACRE OR LARGER,0,0,0,0,0,0,0,0
PULASKI PARK,BRONX        ,1.450,ONE ACRE OR LARGER,0,0,0,0,0,0,0,0
BOOKER T. WASHINGTON PLAYGROUND,MANHATTAN    ,1.441,ONE ACRE OR LARGER,0,0,0,0,0,0,0,0
DUNBAR PLAYGROUND,BRONX        ,1.440,ONE ACRE OR LARGER,0,0,0,0,0,0,0,0
PLAYGROUND TWENTY ONE,QUEENS       ,1.439,ONE ACRE OR LARGER,0,0,0,0,0,0,0,0
PROSPECT PLAYGROUND,BRONX        ,1.438,ONE ACRE OR LARGER,0,0,0,0,0,0,0,0
WOODS PLAYGROUND,BROOKLYN     ,1.438,ONE ACRE OR LARGER,0,0,0,0,0,0,0,0
ALMEDA PLAYGROUND,QUEENS       ,1.430,ONE ACRE OR LARGER,0,0,0,0,0,0,0,0
GAETA PARK,STATEN ISLAND,1.430,ONE ACRE OR LARGER,0,0,0,0,0,0,0,0
GLENWOOD PLAYGROUND,BROOKLYN     ,1.430,ONE ACRE OR LARGER,0,0,0,0,0,0,0,0
SHELTERING ARMS PLAYGROUND,MANHATTAN    ,1.430,ONE ACRE OR LARGER,0,0,0,0,0,0,0,0
MALL FORTY TWO XLII,QUEENS       ,1.429,ONE ACRE OR LARGER,0,0,0,0,0,0,0,0
NORELLI-HARGREAVES PLAYGROUND,QUEENS       ,1.427,ONE ACRE OR LARGER,0,0,0,0,0,0,0,0
BILDERSEE PLAYGROUND,BROOKLYN     ,1.416,ONE ACRE OR LARGER,0,0,0,0,0,0,0,0
PULASKI PLAYGROUND,BROOKLYN     ,1.416,ONE ACRE OR LARGER,0,0,0,0,0,0,0,0
MACDONALD PARK,QUEENS       ,1.415,ONE ACRE OR LARGER,0,0,0,0,0,0,0,0
OWEN F. DOLEN PARK,BRONX        ,1.400,ONE ACRE OR LARGER,0,0,0,0,0,0,0,0
VAN DYKE PLAYGROUND,BROOKLYN     ,1.398,ONE ACRE OR LARGER,0,0,0,0,0,0,0,0
WILLIAMSBRIDGE SQUARE,BRONX        ,1.395,ONE ACRE OR LARGER,0,0,0,0,0,0,0,0
PEOPLE'S PARK,BRONX        ,1.394,ONE ACRE OR LARGER,0,0,0,2,0,0,0,2
DOME PLAYGROUND,BROOKLYN     ,1.385,ONE ACRE OR LARGER,0,0,0,1,0,0,0,1
RUSSELL PEDERSEN PLAYGROUND,BROOKLYN     ,1.384,ONE ACRE OR LARGER,0,0,0,0,0,0,0,0
ST. CATHERINE'S PARK,MANHATTAN    ,1.383,ONE ACRE OR LARGER,0,0,0,0,0,0,0,0
HOWARD VON DOHLEN PLAYGROUND,QUEENS       ,1.381,ONE ACRE OR LARGER,0,0,0,0,0,0,0,0
HAVEN AVENUE,MANHATTAN    ,1.380,ONE ACRE OR LARGER,0,0,0,0,0,0,0,0
NAUTILUS PLAYGROUND BROOKLYN,BROOKLYN     ,1.380,ONE ACRE OR LARGER,0,0,0,0,0,0,0,0
ARCILLA PLAYGROUND,BRONX        ,1.377,ONE ACRE OR LARGER,0,0,0,0,0,0,0,0
FOUNTAIN OF YOUTH PLAYGROUND,BRONX        ,1.375,ONE ACRE OR LARGER,0,0,0,0,0,0,0,0
LIEUTENANT JOHN H. MARTINSON PLAYGROUND,STATEN ISLAND,1.375,ONE ACRE OR LARGER,0,0,0,0,0,0,0,0
MARTINEZ PLAYGROUND,BROOKLYN     ,1.373,ONE ACRE OR LARGER,0,0,0,0,0,0,0,0
HILLSIDE PARK BROOKLYN,BROOKLYN     ,1.371,ONE ACRE OR LARGER,0,0,0,0,0,0,0,0
LT. LIA PLAYGROUND,STATEN ISLAND,1.370,ONE ACRE OR LARGER,0,0,1,0,0,0,0,1
PLAYGROUND ONE FORTY,QUEENS       ,1.370,ONE ACRE OR LARGER,0,0,0,0,0,0,0,0
CRACK IS WACK PLAYGROUND,MANHATTAN    ,1.369,ONE ACRE OR LARGER,0,0,0,0,0,0,0,0
CASTLE HILL PLAYGROUND,BRONX        ,1.368,ONE ACRE OR LARGER,0,0,0,0,0,0,0,0
ADAM YAUCH PARK,BROOKLYN     ,1.363,ONE ACRE OR LARGER,0,0,0,0,0,0,0,0
HOPE BALLFIELD,BROOKLYN     ,1.363,ONE ACRE OR LARGER,0,0,0,0,0,0,0,0
DR. RONALD MCNAIR PARK,BROOKLYN     ,1.361,ONE ACRE OR LARGER,0,0,0,0,0,0,0,0
ADMIRAL FARRAGUT PLAYGROUND,BRONX        ,1.359,ONE ACRE OR LARGER,0,0,0,0,0,0,0,0
MCDONALD PLAYGROUND STATEN ISLAND,STATEN ISLAND,1.352,ONE ACRE OR LARGER,0,0,0,0,0,0,0,0
UNNAMED PARK ON VANDALIA AVENUE,BROOKLYN     ,1.351,ONE ACRE OR LARGER,0,0,0,0,0,0,0,0
FRESH MEADOWS PLAYGROUND,QUEENS       ,1.350,ONE ACRE OR LARGER,0,0,0,0,0,0,0,0
PLAYGROUND EIGHTY LXXX,QUEENS       ,1.350,ONE ACRE OR LARGER,0,0,0,0,0,0,0,0
PRINTER'S PARK,BRONX        ,1.341,ONE ACRE OR LARGER,0,0,0,0,0,0,0,0
RENAISSANCE PLAYGROUND,MANHATTAN    ,1.340,ONE ACRE OR LARGER,0,0,0,0,0,0,0,0
CLASSON PLAYGROUND AT CLASSON AVENUE & LAFAYETTE AVENUE,BROOKLYN     ,1.336,ONE ACRE OR LARGER,0,0,0,0,0,0,0,0
REMSEN PLAYGROUND,BROOKLYN     ,1.333,ONE ACRE OR LARGER,0,0,0,0,0,0,0,0
MARC AND JASON'S PLAYGROUND,BROOKLYN     ,1.326,ONE ACRE OR LARGER,0,0,0,0,0,0,0,0
VETERANS PARK STATEN ISLAND,STATEN ISLAND,1.324,ONE ACRE OR LARGER,0,0,0,0,0,0,0,0
LYONS SQUARE PLAYGROUND,BRONX        ,1.322,ONE ACRE OR LARGER,0,0,0,0,0,0,0,0
AGNES HAYWOOD PLAYGROUND,BRONX        ,1.320,ONE ACRE OR LARGER,0,0,0,0,0,0,0,0
MARION HOPKINSON PLAYGROUND,BROOKLYN     ,1.320,ONE ACRE OR LARGER,0,0,1,0,0,0,0,1
AMPERE PLAYGROUND,QUEENS       ,1.318,ONE ACRE OR LARGER,0,0,0,0,0,0,0,0
POTOMAC PLAYGROUND,BROOKLYN     ,1.315,ONE ACRE OR LARGER,0,0,0,0,0,0,0,0
DETECTIVE JOSEPH MAYROSE PARK,BROOKLYN     ,1.314,ONE ACRE OR LARGER,0,0,0,0,0,0,0,0
PAUL RAIMONDA PLAYGROUND,QUEENS       ,1.310,ONE ACRE OR LARGER,0,0,0,0,0,0,0,0
PRALL PLAYGROUND,STATEN ISLAND,1.307,ONE ACRE OR LARGER,0,0,0,0,0,0,0,0
HORACE HARDING PLAYGROUND,QUEENS       ,1.304,ONE ACRE OR LARGER,0,0,0,0,0,0,0,0
DEAN PLAYGROUND,BROOKLYN     ,1.300,ONE ACRE OR LARGER,0,0,0,0,0,1,0,1
SEVEN GABLES PLAYGROUND,QUEENS       ,1.297,ONE ACRE OR LARGER,0,0,0,0,0,0,0,0
TRIBOROUGH BRIDGE PLAYGROUND B,QUEENS       ,1.295,ONE ACRE OR LARGER,0,0,0,0,0,0,0,0
LITTLE FLOWER PLAYGROUND,MANHATTAN    ,1.294,ONE ACRE OR LARGER,0,0,0,0,0,0,0,0
DONGAN PLAYGROUND,STATEN ISLAND,1.293,ONE ACRE OR LARGER,0,0,0,0,0,0,0,0
BUSHWICK PLAYGROUND ON FLUSHING AVENUE,BROOKLYN     ,1.290,ONE ACRE OR LARGER,0,0,0,0,0,0,0,0
EAST RIVER PLAYGROUND,MANHATTAN    ,1.285,ONE ACRE OR LARGER,0,0,1,0,0,0,0,1
SAMUEL H. YOUNG PARK,BRONX        ,1.285,ONE ACRE OR LARGER,0,0,0,0,0,0,0,0
BOWNE PLAYGROUND,QUEENS       ,1.280,ONE ACRE OR LARGER,0,0,0,0,0,0,0,0
SPACE TIME PLAYGROUND,BRONX        ,1.280,ONE ACRE OR LARGER,0,0,0,0,0,0,0,0
RUDD PLAYGROUND,BROOKLYN     ,1.278,ONE ACRE OR LARGER,0,0,0,0,0,0,0,0
WILLOW LAKE PLAYGROUND,QUEENS       ,1.277,ONE ACRE OR LARGER,0,0,0,0,0,0,0,0
MURPHY'S BROTHER'S PLAYGROUND,MANHATTAN    ,1.275,ONE ACRE OR LARGER,0,0,1,0,0,0,0,1
COONEY GRAUER FIELD,BRONX        ,1.274,ONE ACRE OR LARGER,0,0,0,0,0,0,0,0
WAGNER PLAYGROUND,MANHATTAN    ,1.270,ONE ACRE OR LARGER,0,0,0,0,0,0,0,0
EMERALD PLAYGROUND,QUEENS       ,1.265,ONE ACRE OR LARGER,0,0,0,0,0,0,0,0
CHARLIE'S PLACE,BROOKLYN     ,1.260,ONE ACRE OR LARGER,0,0,0,0,0,0,0,0
PELHAM BAY LITTLE LEAGUE,BRONX        ,1.260,ONE ACRE OR LARGER,0,0,0,0,0,0,0,0
GREENE PLAYGROUND,BROOKLYN     ,1.259,ONE ACRE OR LARGER,0,0,0,0,0,0,0,0
TANAHEY PLAYGROUND,MANHATTAN    ,1.254,ONE ACRE OR LARGER,0,0,0,0,0,0,0,0
ALBERT J. PARHAM PLAYGROUND,BROOKLYN     ,1.253,ONE ACRE OR LARGER,0,0,0,0,0,0,0,0
PARKSIDE PLAYGROUND BROOKLYN,BROOKLYN     ,1.252,ONE ACRE OR LARGER,0,0,0,0,0,0,0,0
CARLTON PARK AT CARLTON BOULEVARD & CROWN AVENUE,STATEN ISLAND,1.250,ONE ACRE OR LARGER,0,0,0,0,0,0,0,0
PLAYGROUND NINETY,QUEENS       ,1.250,ONE ACRE OR LARGER,0,0,0,0,0,0,0,0
NEPTUNE PLAYGROUND,BROOKLYN     ,1.243,ONE ACRE OR LARGER,0,0,0,0,0,0,0,0
ANNUNCIATION PARK,MANHATTAN    ,1.240,ONE ACRE OR LARGER,0,0,0,0,0,1,0,1
HECKSCHER PLAYGROUND,BROOKLYN     ,1.240,ONE ACRE OR LARGER,0,0,0,0,0,0,0,0
GRASSMERE PLAYGROUND,QUEENS       ,1.239,ONE ACRE OR LARGER,0,0,0,0,0,0,0,0
QUEENSBORO OVAL,MANHATTAN    ,1.239,ONE ACRE OR LARGER,0,0,0,0,0,0,0,0
GONZALO PLASENCIA PLAYGROUND,BROOKLYN     ,1.236,ONE ACRE OR LARGER,0,0,0,0,0,0,0,0
FRESH MEADOWS PARK,QUEENS       ,1.230,ONE ACRE OR LARGER,0,0,0,0,0,0,0,0
PATRICK O'ROURKE PARK,BROOKLYN     ,1.230,ONE ACRE OR LARGER,0,0,0,0,0,0,0,0
RIENZI PLAYGROUND,BRONX        ,1.230,ONE ACRE OR LARGER,0,0,0,0,0,0,0,0
ROEBLING PLAYGROUND,BROOKLYN     ,1.230,ONE ACRE OR LARGER,0,0,0,0,0,0,0,0
HOWARD BENNETT PLAYGROUND,MANHATTAN    ,1.228,ONE ACRE OR LARGER,0,0,0,0,0,0,0,0
STANLEY ISAACS PLAYGROUND,MANHATTAN    ,1.227,ONE ACRE OR LARGER,0,0,0,0,0,0,0,0
CHAPPETTO SQUARE,QUEENS       ,1.226,ONE ACRE OR LARGER,0,0,0,0,0,0,0,0
BRIGHTON PLAYGROUND,BROOKLYN     ,1.225,ONE ACRE OR LARGER,0,0,1,0,0,0,0,1
NELSON PLAYGROUND,BRONX        ,1.222,ONE ACRE OR LARGER,0,0,0,0,0,0,0,0
SHEEPSHEAD BAY PIERS,BROOKLYN     ,1.220,ONE ACRE OR LARGER,0,0,0,0,0,0,0,0
ELEANOR ROOSEVELT PLAYGROUND,BROOKLYN     ,1.211,ONE ACRE OR LARGER,0,0,0,0,0,0,0,0
BAYSIDE PLAYGROUND,QUEENS       ,1.210,ONE ACRE OR LARGER,0,0,0,0,0,0,0,0
BAYVIEW PLAYGROUND,BROOKLYN     ,1.210,ONE ACRE OR LARGER,0,0,0,0,0,0,0,0
FRANCIS LEWIS PLAYGROUND,QUEENS       ,1.206,ONE ACRE OR LARGER,0,0,0,0,0,0,0,0
MURRAY HILL PLAYGROUND,QUEENS       ,1.206,ONE ACRE OR LARGER,0,0,0,0,0,0,0,0
MAGENTA PLAYGROUND,BRONX        ,1.205,ONE ACRE OR LARGER,0,0,0,0,0,0,0,0
TIFFANY PLAYGROUND,BRONX        ,1.205,ONE ACRE OR LARGER,0,0,0,0,0,0,0,0
MAURICE A FITZGERALD PLAYGROUND,QUEENS       ,1.201,ONE ACRE OR LARGER,0,0,0,0,0,0,0,0
DANIEL BOONE PLAYGROUND,BRONX        ,1.200,ONE ACRE OR LARGER,0,0,0,0,0,0,0,0
HILTON HOLIDAY GARDENS,QUEENS       ,1.200,ONE ACRE OR LARGER,0,0,0,0,0,0,0,0
HATTIE CARTHAN PLAYGROUND,BROOKLYN     ,1.195,ONE ACRE OR LARGER,0,0,0,0,0,0,0,0
KOREAN WAR VETERANS PLAZA,BROOKLYN     ,1.195,ONE ACRE OR LARGER,0,0,0,0,0,0,0,0
STROUD PLAYGROUND,BROOKLYN     ,1.194,ONE ACRE OR LARGER,0,0,0,0,0,0,0,0
TILDEN PLAYGROUND,BROOKLYN     ,1.190,ONE ACRE OR LARGER,0,0,0,0,0,0,0,0
LAFAYETTE PLAYGROUND ON STILLWELL AVENUE,BROOKLYN     ,1.187,ONE ACRE OR LARGER,0,0,0,0,0,0,0,0
SOUTH OXFORD PARK,BROOKLYN     ,1.187,ONE ACRE OR LARGER,0,0,0,0,0,0,0,0
UNDERWOOD PARK,BROOKLYN     ,1.187,ONE ACRE OR LARGER,0,0,0,0,0,0,0,0
GROVE HILL PLAYGROUND,BRONX        ,1.186,ONE ACRE OR LARGER,0,0,0,0,0,0,0,0
LA GUARDIA PLAYGROUND,BROOKLYN     ,1.179,ONE ACRE OR LARGER,0,0,0,0,0,0,0,0
UNNAMED PARK ON DRUMGOOLE ROAD & VERNON AVENUE,STATEN ISLAND,1.178,ONE ACRE OR LARGER,0,0,0,0,0,0,0,0
BELMONT PLAYGROUND BROOKLYN,BROOKLYN     ,1.177,ONE ACRE OR LARGER,0,0,0,0,0,0,0,0
STEUBEN PLAYGROUND,BROOKLYN     ,1.171,ONE ACRE OR LARGER,0,0,0,0,0,0,0,0
THE CYCLONE,BROOKLYN     ,1.170,ONE ACRE OR LARGER,0,0,0,0,0,0,0,0
WILLIAM SHERIDAN PLAYGROUND,BROOKLYN     ,1.170,ONE ACRE OR LARGER,0,0,0,0,0,0,0,0
OAKLAND GARDENS,QUEENS       ,1.166,ONE ACRE OR LARGER,0,0,1,0,0,0,0,1
EHRENREICH-AUSTIN PLAYGROUND,QUEENS       ,1.161,ONE ACRE OR LARGER,0,1,0,0,0,0,0,1
UNIVERSITY PLACE,BROOKLYN     ,1.161,ONE ACRE OR LARGER,0,0,0,0,0,0,0,0
HARDING PARK BEAUTIFICATION PROJECT,BRONX        ,1.160,ONE ACRE OR LARGER,0,0,0,0,0,0,0,0
HILLSIDE PARK QUEENS,QUEENS       ,1.160,ONE ACRE OR LARGER,0,0,0,0,0,0,0,0
SITTING AREA AT HOYT AVENUE,QUEENS       ,1.160,ONE ACRE OR LARGER,0,0,0,0,0,0,0,0
CUYLER GORE PARK,BROOKLYN     ,1.158,ONE ACRE OR LARGER,0,0,0,0,0,0,0,0
BATH PLAYGROUND,BROOKLYN     ,1.157,ONE ACRE OR LARGER,0,0,0,0,0,0,0,0
POLICE OFFICER NICHOLAS DEMUTIIS PARK,QUEENS       ,1.151,ONE ACRE OR LARGER,0,0,0,0,0,0,0,0
"""UNCLE"" VITO E. MARANZANO GLENDALE PLAYGROUND",QUEENS       ,1.150,ONE ACRE OR LARGER,0,0,0,0,0,0,0,0
RAPPAPORT PLAYGROUND,BROOKLYN     ,1.148,ONE ACRE OR LARGER,0,0,0,0,0,0,0,0
EAST SPRINGFIELD PLAYGROUND,QUEENS       ,1.146,ONE ACRE OR LARGER,0,0,0,0,0,0,0,0
TOAD HALL PLAYGROUND,STATEN ISLAND,1.145,ONE ACRE OR LARGER,0,0,0,0,0,0,0,0
WILLETS POINT PLAYGROUND,QUEENS       ,1.145,ONE ACRE OR LARGER,0,0,0,0,0,0,0,0
SEASIDE PLAYGROUND,QUEENS       ,1.144,ONE ACRE OR LARGER,0,0,0,0,0,0,0,0
CORPORAL JOHN A. SERAVALLI PLAYGROUND,MANHATTAN    ,1.143,ONE ACRE OR LARGER,0,0,0,0,0,0,0,0
POPPENHUSEN PLAYGROUND,QUEENS       ,1.140,ONE ACRE OR LARGER,0,0,0,0,0,0,0,0
UNNAMED PARK ON ROCKAWAY BOARDWALK & B 28TH ST,QUEENS       ,1.140,ONE ACRE OR LARGER,0,0,0,0,0,0,0,0
SOBEL COURT PARK,STATEN ISLAND,1.137,ONE ACRE OR LARGER,0,0,0,0,0,0,0,0
D'EMIC PLAYGROUND,BROOKLYN     ,1.130,ONE ACRE OR LARGER,0,0,0,0,0,0,0,0
FIDLER-WYCKOFF HOUSE PARK,BROOKLYN     ,1.130,ONE ACRE OR LARGER,0,0,0,0,0,0,0,0
UNNAMED PARK ON SOUNDVIEW AVENUE,BRONX        ,1.130,ONE ACRE OR LARGER,0,0,0,0,0,0,0,0
WESTBOURNE PLAYGROUND,QUEENS       ,1.130,ONE ACRE OR LARGER,0,0,0,0,0,0,0,0
PRESCOTT PLAYGROUND,STATEN ISLAND,1.124,ONE ACRE OR LARGER,0,0,0,0,0,0,0,0
LOPEZ PLAYGROUND,STATEN ISLAND,1.115,ONE ACRE OR LARGER,0,0,0,0,0,0,0,0
HUGH J. GRANT CIRCLE,BRONX        ,1.110,ONE ACRE OR LARGER,0,0,0,0,0,0,0,0
P.S. 29 BALL FIELD,BRONX        ,1.107,ONE ACRE OR LARGER,0,0,0,0,0,0,0,0
PENA HERRERA PARK,BROOKLYN     ,1.107,ONE ACRE OR LARGER,0,0,0,0,0,0,0,0
MENTONE PLAYGROUND,QUEENS       ,1.102,ONE ACRE OR LARGER,0,0,0,0,0,0,0,0
MIDDLETON PLAYGROUND,BROOKLYN     ,1.101,ONE ACRE OR LARGER,0,0,0,0,0,0,0,0
DE HOSTOS PLAYGROUND,BROOKLYN     ,1.100,ONE ACRE OR LARGER,0,0,0,1,0,0,0,1
SARATOGA BALLFIELDS,BROOKLYN     ,1.095,ONE ACRE OR LARGER,0,0,0,0,0,0,0,0
ROBERT MOSES PLAYGROUND,MANHATTAN    ,1.093,ONE ACRE OR LARGER,0,0,0,0,0,0,0,0
STOCKTON PLAYGROUND,BROOKLYN     ,1.089,ONE ACRE OR LARGER,0,0,0,0,0,0,0,0
JACOB'S LADDER PLAYGROUND,BROOKLYN     ,1.085,ONE ACRE OR LARGER,0,0,0,0,0,0,0,0
LOUIS ARMSTRONG PLAYGROUND,QUEENS       ,1.085,ONE ACRE OR LARGER,0,0,0,0,0,0,0,0
UNNAMED PARK ON HAMILTON AVENUE,BROOKLYN     ,1.080,ONE ACRE OR LARGER,0,0,0,0,0,0,0,0
LATIMER PLAYGROUND,QUEENS       ,1.076,ONE ACRE OR LARGER,0,0,0,0,0,0,0,0
UNNAMED PARK ON MELROSE AVENUE,BRONX        ,1.075,ONE ACRE OR LARGER,0,0,0,0,0,0,0,0
MARLBORO PLAYGROUND,BROOKLYN     ,1.072,ONE ACRE OR LARGER,0,0,0,0,0,0,0,0
NORTH ROCHDALE PLAYGROUND,QUEENS       ,1.071,ONE ACRE OR LARGER,0,0,0,0,0,0,0,0
JEROME PLAYGROUND,BROOKLYN     ,1.068,ONE ACRE OR LARGER,0,0,0,0,0,0,0,0
GREAT KILLS PARK AT HILLCREST AVENUE,STATEN ISLAND,1.065,ONE ACRE OR LARGER,0,0,0,0,0,0,0,0
FERMI PLAYGROUND,BROOKLYN     ,1.061,ONE ACRE OR LARGER,0,0,0,0,0,1,0,1
ERICSSON PLAYGROUND,BROOKLYN     ,1.060,ONE ACRE OR LARGER,0,0,0,0,0,0,0,0
MELLETT PLAYGROUND,BROOKLYN     ,1.056,ONE ACRE OR LARGER,0,0,0,0,0,0,0,0
NELLIE BLY PARK,BROOKLYN     ,1.056,ONE ACRE OR LARGER,0,0,0,0,0,0,0,0
TELEPHONE PLAYGROUND,QUEENS       ,1.056,ONE ACRE OR LARGER,0,0,0,0,0,0,0,0
SEDGWICK PLAYGROUND,BRONX        ,1.054,ONE ACRE OR LARGER,0,0,0,0,0,0,0,0
BRUCKNER PLAYGROUND,BRONX        ,1.053,ONE ACRE OR LARGER,0,0,0,0,0,0,0,0
MILLBROOK PLAYGROUND,BRONX        ,1.053,ONE ACRE OR LARGER,0,0,0,0,0,0,0,0
PLAYGROUND 103 CIII,MANHATTAN    ,1.052,ONE ACRE OR LARGER,0,0,0,0,0,0,0,0
ROCKET PARK,QUEENS       ,1.052,ONE ACRE OR LARGER,0,0,0,0,0,0,0,0
BEACH CHANNEL PLAYGROUND,QUEENS       ,1.051,ONE ACRE OR LARGER,0,0,1,0,0,0,0,1
L/CPL THOMAS P. NOONAN JR. PLAYGROUND,QUEENS       ,1.050,ONE ACRE OR LARGER,0,0,0,0,0,0,0,0
LOZADA PLAYGROUND,BRONX        ,1.050,ONE ACRE OR LARGER,1,0,0,0,0,0,0,1
JAMES WELDON JOHNSON PLAYGROUND,MANHATTAN    ,1.048,ONE ACRE OR LARGER,0,0,0,0,0,0,0,0
SPRINGFIELD PARK NORTH,QUEENS       ,1.045,ONE ACRE OR LARGER,0,0,0,0,0,0,0,0
NICHOLAS NAQUAN HEYWARD JR. PARK,BROOKLYN     ,1.041,ONE ACRE OR LARGER,0,0,0,0,0,0,0,0
FISH PLAYGROUND,BROOKLYN     ,1.035,ONE ACRE OR LARGER,0,0,0,0,0,0,0,0
PLANEVIEW PARK,QUEENS       ,1.035,ONE ACRE OR LARGER,0,0,0,0,0,0,0,0
GILBERT RAMIREZ PARK,BROOKLYN     ,1.034,ONE ACRE OR LARGER,0,0,0,0,0,0,0,0
OXPORT PLAYGROUND,BROOKLYN     ,1.033,ONE ACRE OR LARGER,0,0,0,0,0,0,0,0
VAN ALST PLAYGROUND,QUEENS       ,1.033,ONE ACRE OR LARGER,0,0,0,0,0,0,0,0
WOODTREE PLAYGROUND,QUEENS       ,1.033,ONE ACRE OR LARGER,0,0,0,0,0,0,0,0
HAMMEL PLAYGROUND,QUEENS       ,1.030,ONE ACRE OR LARGER,0,0,0,0,0,0,0,0
EASTCHESTER PLAYGROUND,BRONX        ,1.025,ONE ACRE OR LARGER,0,0,0,0,0,0,0,0
SUNRISE PLAYGROUND,QUEENS       ,1.025,ONE ACRE OR LARGER,0,0,0,0,0,0,0,0
POWELL PLAYGROUND,BROOKLYN     ,1.024,ONE ACRE OR LARGER,0,0,0,0,0,0,0,0
KALTENMEIER PLAYGROUND,STATEN ISLAND,1.020,ONE ACRE OR LARGER,0,0,0,0,0,0,0,0
MATTHEWS MULINER PLAYGROUND,BRONX        ,1.020,ONE ACRE OR LARGER,0,0,0,0,0,0,0,0
BOWLING GREEN,MANHATTAN    ,1.016,ONE ACRE OR LARGER,0,0,0,0,0,0,0,0
ANNADALE PLAYGROUND,QUEENS       ,1.013,ONE ACRE OR LARGER,0,0,0,0,0,0,0,0
CURTIS PLAYGROUND,BROOKLYN     ,1.003,ONE ACRE OR LARGER,0,0,0,0,0,0,0,0
MELROSE PLAYGROUND,BRONX        ,1.001,ONE ACRE OR LARGER,0,0,0,0,0,0,0,0
BLAKE HOBBS PLAYGROUND,MANHATTAN    ,1.000,ONE ACRE OR LARGER,0,0,0,0,0,0,0,0
CASERTA PLAYGROUND,BRONX        ,1.000,ONE ACRE OR LARGER,0,0,0,0,0,0,0,0
CHESTER PLAYGROUND,BROOKLYN     ,1.000,ONE ACRE OR LARGER,0,0,0,0,0,0,0,0
HACKETT PARK,BRONX        ,1.000,ONE ACRE OR LARGER,0,0,0,0,0,0,0,0
HOWARD PLAYGROUND,BROOKLYN     ,1.000,ONE ACRE OR LARGER,0,0,1,0,0,0,0,1
JACKIE ROBINSON PLAYGROUND,BROOKLYN     ,1.000,ONE ACRE OR LARGER,0,0,0,0,0,0,0,0
MARTIN LUTHER KING PLAYGROUND,MANHATTAN    ,1.000,ONE ACRE OR LARGER,0,0,0,0,0,0,0,0
MONSIGNOR KETT PLAYGROUND,MANHATTAN    ,1.000,ONE ACRE OR LARGER,0,0,0,0,0,0,0,0
PINK PLAYGROUND,BROOKLYN     ,1.000,ONE ACRE OR LARGER,0,0,0,0,0,0,0,0
PLAYGROUND 174,BRONX        ,1.000,ONE ACRE OR LARGER,0,0,0,0,0,0,0,0
PLIMPTON PLAYGROUND,BRONX        ,1.000,ONE ACRE OR LARGER,0,0,0,0,0,0,0,0
RANDALL PLAYGROUND,BRONX        ,1.000,ONE ACRE OR LARGER,0,0,0,0,0,0,0,0
RUPPERT PARK,MANHATTAN    ,0.997,PLAYGROUND LESS THAN ONE ACRE,0,0,0,0,0,0,0,0
BELLEROSE PLAYGROUND,QUEENS       ,0.996,BASKETBALL & PLAYGROUND LESS THAN ONE ACRE,0,0,0,0,0,0,0,0
ARVERNE PLAYGROUND,QUEENS       ,0.993,BASKETBALL & PLAYGROUND LESS THAN ONE ACRE,0,0,0,0,0,0,0,0
ABRAHAM LINCOLN PLAYGROUND,MANHATTAN    ,0.991,BASKETBALL & POOL & PLAYGROUND LESS THAN ONE ACRE,0,0,0,0,0,0,0,0
CAPTAIN RIVERA PLAYGROUND,BRONX        ,0.988,BASKETBALL & PLAYGROUND LESS THAN ONE ACRE,0,0,1,0,0,0,0,1
NEWTOWN BARGE PLAYGROUND,BROOKLYN     ,0.983,BASKETBALL & PLAYGROUND LESS THAN ONE ACRE,0,0,0,0,0,0,0,0
HOLLIS PLAYGROUND,QUEENS       ,0.980,BASKETBALL & PLAYGROUND LESS THAN ONE ACRE,0,0,0,0,0,0,0,0
MAPLE PLAYGROUND,QUEENS       ,0.978,BASKETBALL & PLAYGROUND LESS THAN ONE ACRE,0,0,0,0,0,0,0,0
GOUVERNEUR PLAYGROUND,BRONX        ,0.977,BASKETBALL & PLAYGROUND LESS THAN ONE ACRE,0,0,0,0,0,0,0,0
MOTT PLAYGROUND,BRONX        ,0.977,BASKETBALL & PLAYGROUND LESS THAN ONE ACRE,0,0,0,0,0,0,0,0
LANNETT PLAYGROUND,QUEENS       ,0.974,BASKETBALL & PLAYGROUND LESS THAN ONE ACRE,0,0,0,0,0,0,0,0
ZIMMERMAN PLAYGROUND,BRONX        ,0.974,BASKETBALL & PLAYGROUND LESS THAN ONE ACRE,0,0,0,0,0,0,0,0
RANAQUA PARK,BRONX        ,0.972,BASKETBALL & PLAYGROUND LESS THAN ONE ACRE,0,0,0,0,0,0,0,0
TEN EYCK PLAYGROUND,BROOKLYN     ,0.972,BASKETBALL & PLAYGROUND LESS THAN ONE ACRE,0,0,0,0,0,0,0,0
MAE GRANT PLAYGROUND,MANHATTAN    ,0.970,BASKETBALL & PLAYGROUND LESS THAN ONE ACRE,0,0,0,0,0,0,0,0
ANDRIES PLAYGROUND,BROOKLYN     ,0.964,BASKETBALL & PLAYGROUND LESS THAN ONE ACRE,0,0,0,0,0,0,0,0
CARVER PLAYGROUND,BROOKLYN     ,0.964,BASKETBALL & PLAYGROUND LESS THAN ONE ACRE,0,0,0,0,0,0,0,0
PARK SLOPE PLAYGROUND,BROOKLYN     ,0.955,BASKETBALL & PLAYGROUND LESS THAN ONE ACRE,0,0,0,0,0,0,0,0
CHERRY TREE PARK,MANHATTAN    ,0.950,BASKETBALL & PLAYGROUND LESS THAN ONE ACRE,0,0,0,0,0,0,0,0
DAVIS PLAYGROUND,STATEN ISLAND,0.949,BASKETBALL & PLAYGROUND LESS THAN ONE ACRE,0,0,0,0,0,0,0,0
MATTHEW P. SAPOLIN PLAYGROUND,MANHATTAN    ,0.947,BASKETBALL & PLAYGROUND LESS THAN ONE ACRE,0,0,0,0,0,0,0,0
PETER MINUIT PLAYGROUND,MANHATTAN    ,0.943,BASKETBALL & PLAYGROUND LESS THAN ONE ACRE,0,0,0,0,0,0,0,0
SOUTH ROCHDALE PLAYGROUND,QUEENS       ,0.942,BASKETBALL & PLAYGROUND LESS THAN ONE ACRE,0,0,0,0,0,0,0,0
DREW PLAYGROUND,BRONX        ,0.940,BASKETBALL & PLAYGROUND LESS THAN ONE ACRE,0,0,0,0,0,0,0,0
FOX PLAYGROUND BRONX,BRONX        ,0.940,BASKETBALL & PLAYGROUND LESS THAN ONE ACRE,0,0,0,0,0,0,0,0
WALTER WARD PLAYGROUND,QUEENS       ,0.935,BASKETBALL & PLAYGROUND LESS THAN ONE ACRE,0,0,0,0,0,0,0,0
BENSON PLAYGROUND,BROOKLYN     ,0.934,BASKETBALL & PLAYGROUND LESS THAN ONE ACRE,0,0,0,0,0,0,0,0
CRISPUS ATTUCKS PLAYGROUND,BROOKLYN     ,0.934,BASKETBALL & PLAYGROUND LESS THAN ONE ACRE,0,0,0,0,0,0,0,0
SURF PLAYGROUND,BROOKLYN     ,0.933,BASKETBALL & PLAYGROUND LESS THAN ONE ACRE,0,0,0,0,0,0,0,0
BERGEN BEACH PLAYGROUND,BROOKLYN     ,0.927,BASKETBALL & PLAYGROUND LESS THAN ONE ACRE,0,0,0,0,0,0,0,0
TIGER PLAYGROUND,BROOKLYN     ,0.926,BASKETBALL & PLAYGROUND LESS THAN ONE ACRE,0,0,0,0,0,0,0,0
ATHENS SQUARE,QUEENS       ,0.925,BASKETBALL & PLAYGROUND LESS THAN ONE ACRE,0,0,0,0,0,0,0,0
P.S. 279 PLAYGROUND,BROOKLYN     ,0.920,PLAYGROUND LESS THAN ONE ACRE,0,0,0,0,0,0,0,0
ROCK GARDEN PARK,BRONX        ,0.920,BASKETBALL & PLAYGROUND LESS THAN ONE ACRE,0,0,0,0,0,0,0,0
SAW MILL PLAYGROUND,BRONX        ,0.920,BASKETBALL & PLAYGROUND LESS THAN ONE ACRE,0,0,0,0,0,0,0,0
ALBEMARLE PLAYGROUND,BROOKLYN     ,0.918,BASKETBALL & PLAYGROUND LESS THAN ONE ACRE,0,0,0,0,0,0,0,0
BARTLETT PLAYGROUND,BROOKLYN     ,0.918,BASKETBALL & PLAYGROUND LESS THAN ONE ACRE,0,0,0,0,0,0,0,0
BOERUM PARK,BROOKLYN     ,0.918,BASKETBALL & PLAYGROUND LESS THAN ONE ACRE,0,0,0,0,0,0,0,0
CARTER G. WOODSON CHILDREN'S PARK,BROOKLYN     ,0.918,PLAYGROUND LESS THAN ONE ACRE,0,0,0,0,0,0,0,0
DITMARS PARK,QUEENS       ,0.918,BASKETBALL & PLAYGROUND LESS THAN ONE ACRE,0,0,0,0,0,0,0,0
HOUSTON PLAYGROUND,BROOKLYN     ,0.918,PLAYGROUND LESS THAN ONE ACRE,0,0,0,0,0,0,0,0
LIVONIA PARK,BROOKLYN     ,0.918,PLAYGROUND LESS THAN ONE ACRE,0,0,0,0,0,0,0,0
NEWPORT PLAYGROUND,BROOKLYN     ,0.918,BASKETBALL & PLAYGROUND LESS THAN ONE ACRE,0,0,0,0,0,0,0,0
PRATT PLAYGROUND,BROOKLYN     ,0.918,BASKETBALL & PLAYGROUND LESS THAN ONE ACRE,0,0,0,0,0,0,0,0
VIRGINIA PARK,BRONX        ,0.918,PLAYGROUND LESS THAN ONE ACRE,0,0,0,0,0,0,0,0
WHITE PLAYGROUND STATEN ISLAND,STATEN ISLAND,0.918,PLAYGROUND LESS THAN ONE ACRE,0,0,0,0,0,0,0,0
EDMONDS PLAYGROUND,BROOKLYN     ,0.917,BASKETBALL & PLAYGROUND LESS THAN ONE ACRE,0,0,0,0,0,0,0,0
GARDEN PLAYGROUND,BROOKLYN     ,0.915,BASKETBALL & PLAYGROUND LESS THAN ONE ACRE,0,0,1,0,0,0,0,1
MARTIN LUTHER PLAYGROUND,BROOKLYN     ,0.913,BASKETBALL & PLAYGROUND LESS THAN ONE ACRE,0,0,0,0,0,0,0,0
PONTIAC PLAYGROUND,BRONX        ,0.913,BASKETBALL & PLAYGROUND LESS THAN ONE ACRE,0,0,0,0,0,0,0,0
AESOP PARK,STATEN ISLAND,0.912,PLAYGROUND LESS THAN ONE ACRE,0,0,0,0,0,0,0,0
SLATTERY PLAYGROUND,BRONX        ,0.911,BASKETBALL & PLAYGROUND LESS THAN ONE ACRE,0,0,0,0,0,0,0,0
BAY TERRACE PLAYGROUND,QUEENS       ,0.910,BASKETBALL & PLAYGROUND LESS THAN ONE ACRE,0,0,0,0,0,0,0,0
WILLOUGHBY PLAYGROUND,BROOKLYN     ,0.907,BASKETBALL & PLAYGROUND LESS THAN ONE ACRE,0,0,0,0,0,0,0,0
ESTELLA DIGGS PARK,BRONX        ,0.903,PLAYGROUND LESS THAN ONE ACRE,0,0,0,0,0,0,0,0
WASHINGTON HALL PARK,BROOKLYN     ,0.901,BASKETBALL & PLAYGROUND LESS THAN ONE ACRE,0,0,0,0,0,1,0,1
HARLEM RBI,MANHATTAN    ,0.900,PLAYGROUND LESS THAN ONE ACRE,0,0,0,0,0,0,0,0
STARR PLAYGROUND,QUEENS       ,0.900,BASKETBALL & PLAYGROUND LESS THAN ONE ACRE,0,0,0,0,0,0,0,0
AMERICAN PLAYGROUND,BROOKLYN     ,0.896,BASKETBALL & PLAYGROUND LESS THAN ONE ACRE,0,0,0,0,0,0,0,0
HART PLAYGROUND ON BROADWAY,QUEENS       ,0.896,BASKETBALL & PLAYGROUND LESS THAN ONE ACRE,0,0,0,0,0,0,0,0
ARROCHAR PLAYGROUND,STATEN ISLAND,0.892,PLAYGROUND LESS THAN ONE ACRE,0,0,0,0,0,0,0,0
SOL LAIN PLGD,MANHATTAN    ,0.891,BASKETBALL & PLAYGROUND LESS THAN ONE ACRE,0,0,0,0,0,0,0,0
EL SHABAZZ PLAYGROUND,BROOKLYN     ,0.890,BASKETBALL & PLAYGROUND LESS THAN ONE ACRE,0,0,0,0,0,0,0,0
PINOCCHIO PLAYGROUND,QUEENS       ,0.888,PLAYGROUND LESS THAN ONE ACRE,0,0,0,0,0,0,0,0
ALICE KORNEGAY TRIANGLE,MANHATTAN    ,0.883,PLAYGROUND LESS THAN ONE ACRE,0,0,1,0,0,0,0,1
PETER'S FIELD,MANHATTAN    ,0.882,BASKETBALL & PLAYGROUND LESS THAN ONE ACRE,0,0,0,0,0,0,0,0
BEDFORD PLAYGROUND,BROOKLYN     ,0.881,BASKETBALL & PLAYGROUND LESS THAN ONE ACRE,0,0,0,0,0,0,0,0
HAROLD SCHNEIDERMAN PLAYGROUND,QUEENS       ,0.878,BASKETBALL & PLAYGROUND LESS THAN ONE ACRE,0,0,0,0,0,0,0,0
WAKEFIELD PLAYGROUND,BRONX        ,0.877,BASKETBALL & PLAYGROUND LESS THAN ONE ACRE,0,0,0,0,0,0,0,0
QUEENS VALLEY PLAYGROUND,QUEENS       ,0.876,BASKETBALL & PLAYGROUND LESS THAN ONE ACRE,0,0,0,0,0,0,0,0
LT. JOSEPH PETROSINO PARK,BROOKLYN     ,0.871,BASKETBALL & PLAYGROUND LESS THAN ONE ACRE,0,0,1,0,0,0,0,1
EVERGREEN PLAYGROUND,BROOKLYN     ,0.870,BASKETBALL & PLAYGROUND LESS THAN ONE ACRE,0,0,0,0,0,0,0,0
PLAYGROUND 286,BROOKLYN     ,0.868,BASKETBALL & PLAYGROUND LESS THAN ONE ACRE,0,0,0,0,0,0,0,0
BARRIER PLAYGROUND,QUEENS       ,0.867,BASKETBALL & PLAYGROUND LESS THAN ONE ACRE,0,0,0,0,0,0,0,0
LION'S PRIDE PLAYGROUND,BROOKLYN     ,0.865,PLAYGROUND LESS THAN ONE ACRE,0,0,0,0,0,0,0,0
NATHAN STRAUS PLAYGROUND,MANHATTAN    ,0.851,BASKETBALL & PLAYGROUND LESS THAN ONE ACRE,0,0,0,0,0,0,0,0
SCHENCK PLAYGROUND,BROOKLYN     ,0.847,BASKETBALL & PLAYGROUND LESS THAN ONE ACRE,0,0,0,0,0,0,0,0
HAVILAND PLAYGROUND,BRONX        ,0.840,BASKETBALL & PLAYGROUND LESS THAN ONE ACRE,0,0,0,0,0,0,0,0
SOL BLOOM PLAYGROUND,MANHATTAN    ,0.837,BASKETBALL & PLAYGROUND LESS THAN ONE ACRE,0,0,0,0,0,0,0,0
P.S. 155 PLAYGROUND,MANHATTAN    ,0.834,BASKETBALL & PLAYGROUND LESS THAN ONE ACRE,0,0,0,0,0,0,0,0
STEBBINS PLAYGROUND,BRONX        ,0.830,BASKETBALL & PLAYGROUND LESS THAN ONE ACRE,0,0,0,0,0,0,0,0
OPEN ROAD PARK,MANHATTAN    ,0.828,BASKETBALL & PLAYGROUND LESS THAN ONE ACRE,0,0,0,0,0,0,0,0
DI GILIO PLAYGROUND,BROOKLYN     ,0.826,PLAYGROUND LESS THAN ONE ACRE,0,0,0,0,0,0,0,0
HART PLAYGROUND ON 147 ST,QUEENS       ,0.821,BASKETBALL & PLAYGROUND LESS THAN ONE ACRE,0,0,0,0,0,0,0,0
FLYNN PLAYGROUND,BRONX        ,0.820,BASKETBALL & PLAYGROUND LESS THAN ONE ACRE,0,0,0,0,0,0,0,0
HIGHBRIDGE PARK BRONX SIDE,BRONX        ,0.820,PLAYGROUND LESS THAN ONE ACRE,0,0,0,0,0,1,0,1
FISHER POOL,QUEENS       ,0.817,POOL & RECREATION CENTER LESS THAN ONE ACRE,0,0,0,0,0,0,0,0
PARKSIDE PLAYGROUND BRONX,BRONX        ,0.817,BASKETBALL & PLAYGROUND LESS THAN ONE ACRE,0,0,0,0,0,0,0,0
ALEXANDER HAMILTON PLAYGROUND,MANHATTAN    ,0.811,BASKETBALL & PLAYGROUND LESS THAN ONE ACRE,0,0,0,0,0,0,0,0
WEST FARMS RAPIDS,BRONX        ,0.810,PLAYGROUND LESS THAN ONE ACRE,0,0,0,0,0,0,0,0
BELLAIRE PLAYGROUND,QUEENS       ,0.809,BASKETBALL & PLAYGROUND LESS THAN ONE ACRE,0,0,0,0,0,0,0,0
STEINWAY PLAYGROUND,QUEENS       ,0.809,BASKETBALL & PLAYGROUND LESS THAN ONE ACRE,0,0,0,0,0,0,0,0
RISSE STREET PARK,BRONX        ,0.806,PLAYGROUND LESS THAN ONE ACRE,0,0,0,0,0,0,0,0
ETHAN ALLEN PLAYGROUND,BROOKLYN     ,0.800,BASKETBALL & PLAYGROUND LESS THAN ONE ACRE,0,0,0,0,0,0,0,0
KENNEDY KING PLAYGROUND,BROOKLYN     ,0.790,BASKETBALL & PLAYGROUND LESS THAN ONE ACRE,0,0,0,0,0,0,0,0
EUGENE MCCABE FIELD,MANHATTAN    ,0.789,PLAYGROUND LESS THAN ONE ACRE,0,0,0,0,0,0,0,0
VLADECK PARK,MANHATTAN    ,0.789,PLAYGROUND LESS THAN ONE ACRE,0,0,0,0,0,0,0,0
SAMUEL SEABURY PLAYGROUND,MANHATTAN    ,0.786,BASKETBALL & PLAYGROUND LESS THAN ONE ACRE,0,0,0,0,0,0,0,0
SPIRIT PLAYGROUND,QUEENS       ,0.786,BASKETBALL & PLAYGROUND LESS THAN ONE ACRE,0,0,0,0,0,0,0,0
MORGAN PLAYGROUND,BRONX        ,0.782,BASKETBALL & PLAYGROUND LESS THAN ONE ACRE,0,0,0,0,0,0,0,0
MOORE PLAYGROUND,MANHATTAN    ,0.766,BASKETBALL & PLAYGROUND LESS THAN ONE ACRE,0,0,0,0,0,0,0,0
FIRST PARK,MANHATTAN    ,0.763,PLAYGROUND LESS THAN ONE ACRE,0,0,0,0,0,0,0,0
SGT. WILLIAM DOUGHERTY PLAYGROUND,BROOKLYN     ,0.760,BASKETBALL & PLAYGROUND LESS THAN ONE ACRE,0,0,0,0,0,0,0,0
ADMIRAL PARK,QUEENS       ,0.759,BASKETBALL & PLAYGROUND LESS THAN ONE ACRE,0,0,0,0,0,0,0,0
JAIME CAMPIZ PLAYGROUND,BROOKLYN     ,0.752,BASKETBALL & PLAYGROUND LESS THAN ONE ACRE,0,0,0,0,0,0,0,0
PLAYGROUND SEVENTY FIVE,QUEENS       ,0.749,BASKETBALL & PLAYGROUND LESS THAN ONE ACRE,0,0,0,0,0,0,0,0
SAMUEL N. BENNERSON 2ND PLAYGROUND,MANHATTAN    ,0.749,BASKETBALL & PLAYGROUND LESS THAN ONE ACRE,0,0,0,0,0,0,0,0
WEBSTER PLAYGROUND,BRONX        ,0.744,BASKETBALL & PLAYGROUND LESS THAN ONE ACRE,0,0,0,0,0,0,0,0
FROST PLAYGROUND,BROOKLYN     ,0.739,BASKETBALL & PLAYGROUND LESS THAN ONE ACRE,0,0,0,0,0,0,0,0
TECUMSEH PLAYGROUND,MANHATTAN    ,0.738,BASKETBALL & PLAYGROUND LESS THAN ONE ACRE,0,0,0,0,0,0,0,0
NATHAN WEIDENBAUM PARK,QUEENS       ,0.732,BASKETBALL & PLAYGROUND LESS THAN ONE ACRE,0,0,0,0,0,0,0,0
RAILROAD PARK BRONX,BRONX        ,0.732,PLAYGROUND LESS THAN ONE ACRE,0,0,0,0,0,0,0,0
BLUEBERRY PARK,STATEN ISLAND,0.724,PLAYGROUND LESS THAN ONE ACRE,0,0,0,0,0,0,0,0
CLARK PLAYGROUND,BRONX        ,0.722,BASKETBALL & PLAYGROUND LESS THAN ONE ACRE,0,0,0,0,0,0,0,0
HUNTS POINT PLAYGROUND,BRONX        ,0.717,BASKETBALL & PLAYGROUND LESS THAN ONE ACRE,0,0,0,1,0,0,0,1
GUN HILL PLAYGROUND,BRONX        ,0.716,BASKETBALL & PLAYGROUND LESS THAN ONE ACRE,0,0,0,0,0,0,0,0
BLOOMINGDALE PLAYGROUND,MANHATTAN    ,0.715,BASKETBALL & PLAYGROUND LESS THAN ONE ACRE,0,0,0,0,0,0,0,0
GALILEO PLAYGROUND,BRONX        ,0.714,PLAYGROUND LESS THAN ONE ACRE,0,0,0,0,0,0,0,0
I-AM-PARK,BRONX        ,0.712,BASKETBALL & PLAYGROUND LESS THAN ONE ACRE,0,0,0,0,0,0,0,0
UNNAMED PARK ON 17TH STREET,BROOKLYN     ,0.711,PLAYGROUND LESS THAN ONE ACRE,0,0,0,0,0,0,0,0
LAFAYETTE GARDENS PLAYGROUND,BROOKLYN     ,0.705,BASKETBALL & PLAYGROUND LESS THAN ONE ACRE,0,0,0,0,0,0,0,0
LINWOOD PLAYGROUND,BROOKLYN     ,0.705,BASKETBALL & PLAYGROUND LESS THAN ONE ACRE,0,0,0,0,0,0,0,0
NEWTOWN PLAYGROUND,QUEENS       ,0.703,PLAYGROUND LESS THAN ONE ACRE,0,0,0,0,0,0,0,0
ORACLE PLAYGROUND,BROOKLYN     ,0.703,BASKETBALL & PLAYGROUND LESS THAN ONE ACRE,0,0,0,0,0,0,0,0
MOUNT HOPE PLAYGROUND,BRONX        ,0.700,BASKETBALL & PLAYGROUND LESS THAN ONE ACRE,0,0,0,0,0,0,0,0
GARRISON PLAYGROUND,BRONX        ,0.696,BASKETBALL & PLAYGROUND LESS THAN ONE ACRE,0,0,0,0,0,0,0,0
GERTRUDE EDERLE RECREATION CENTER,MANHATTAN    ,0.690,POOL & RECREATION CENTER LESS THAN ONE ACRE,0,0,0,0,0,0,0,0
SLOPE PARK,BROOKLYN     ,0.689,PLAYGROUND LESS THAN ONE ACRE,0,0,0,0,0,0,0,0
FRED SAMUEL PLAYGROUND,MANHATTAN    ,0.688,BASKETBALL & PLAYGROUND LESS THAN ONE ACRE,0,0,0,0,0,0,0,0
AUBURNDALE PLAYGROUND,QUEENS       ,0.686,BASKETBALL & PLAYGROUND LESS THAN ONE ACRE,0,0,0,0,0,0,0,0
WHITE PLAYGROUND MANHATTAN,MANHATTAN    ,0.684,BASKETBALL & PLAYGROUND LESS THAN ONE ACRE,0,0,0,0,0,0,0,0
DAWSON PLAYGROUND,BRONX        ,0.681,BASKETBALL & PLAYGROUND LESS THAN ONE ACRE,0,0,0,0,0,1,0,1
LILLIAN D WALD PLAYGROUND,MANHATTAN    ,0.680,BASKETBALL & PLAYGROUND LESS THAN ONE ACRE,0,0,0,0,0,0,0,0
MAPES POOL,BRONX        ,0.680,PLAYGROUND & POOL LESS THAN ONE ACRE,0,0,0,0,0,0,0,0
HOWARD POOL,BROOKLYN     ,0.670,POOL LESS THAN ONE ACRE,0,0,0,0,0,0,0,0
RIVER AVENUE PARKS,BRONX        ,0.670,PLAYGROUND LESS THAN ONE ACRE,0,0,0,0,0,1,0,1
ST. NICHOLAS PLAYGROUND SOUTH,MANHATTAN    ,0.670,BASKETBALL & PLAYGROUND LESS THAN ONE ACRE,0,0,0,0,0,0,0,0
CANAL PARK,MANHATTAN    ,0.669,PLAYGROUND LESS THAN ONE ACRE,0,0,0,0,0,0,0,0
RIVERBEND PLAYGROUND,BRONX        ,0.661,BASKETBALL & PLAYGROUND LESS THAN ONE ACRE,0,0,0,0,0,0,0,0
ST. NICHOLAS PLAYGROUND NORTH,MANHATTAN    ,0.660,BASKETBALL & PLAYGROUND LESS THAN ONE ACRE,0,0,0,0,0,1,0,1
COLLEGE POINT PARK,QUEENS       ,0.659,BASKETBALL & PLAYGROUND LESS THAN ONE ACRE,0,0,0,0,0,0,0,0
THE PEARLY GATES,BRONX        ,0.659,BASKETBALL & PLAYGROUND LESS THAN ONE ACRE,0,0,0,0,0,0,0,0
AUDUBON PLAYGROUND,MANHATTAN    ,0.656,BASKETBALL & PLAYGROUND LESS THAN ONE ACRE,0,0,0,0,0,0,0,0
COURTNEY CALLENDER PLAYGROUND,MANHATTAN    ,0.653,BASKETBALL & PLAYGROUND LESS THAN ONE ACRE,0,0,0,0,0,0,0,0
BRIZZI PLAYGROUND,BROOKLYN     ,0.649,PLAYGROUND LESS THAN ONE ACRE,0,0,0,0,0,0,0,0
AUGUSTUS ST. GAUDENS PLAYGROUND,MANHATTAN    ,0.642,BASKETBALL & PLAYGROUND LESS THAN ONE ACRE,0,0,0,0,0,0,0,0
VESUVIO PLAYGROUND,MANHATTAN    ,0.635,BASKETBALL & POOL LESS THAN ONE ACRE,0,0,0,0,0,0,0,0
SQUIBB PARK,BROOKLYN     ,0.626,PLAYGROUND LESS THAN ONE ACRE,0,0,0,0,0,0,0,0
VETERANS GROVE,QUEENS       ,0.626,PLAYGROUND LESS THAN ONE ACRE,0,0,0,0,0,0,0,0
ELTON PLAYGROUND,BROOKLYN     ,0.622,PLAYGROUND LESS THAN ONE ACRE,0,0,0,0,0,0,0,0
TWENTY-FOUR SYCAMORES PARK,MANHATTAN    ,0.622,BASKETBALL & PLAYGROUND LESS THAN ONE ACRE,0,0,0,0,0,0,0,0
EAST RIVER ESPLANADE AT E 36TH ST AND FDR,MANHATTAN    ,0.620,PLAYGROUND LESS THAN ONE ACRE,0,0,0,0,0,0,0,0
CEDAR GROVE PLAYGROUND,QUEENS       ,0.619,BASKETBALL & PLAYGROUND LESS THAN ONE ACRE,0,0,0,0,0,0,0,0
BEACH 59TH ST PLAYGROUND,QUEENS       ,0.618,PLAYGROUND LESS THAN ONE ACRE,0,0,0,0,0,0,0,0
CLEOPATRA PLAYGROUND,BRONX        ,0.618,BASKETBALL & PLAYGROUND LESS THAN ONE ACRE,0,0,0,0,0,0,0,0
BRIDGE PLAYGROUND,BRONX        ,0.610,BASKETBALL & PLAYGROUND LESS THAN ONE ACRE,0,0,0,0,0,0,0,0
HALF-NELSON PLAYGROUND,BRONX        ,0.610,BASKETBALL & PLAYGROUND LESS THAN ONE ACRE,0,0,0,0,0,0,0,0
HENRY M. JACKSON PLAYGROUND,MANHATTAN    ,0.610,BASKETBALL & PLAYGROUND LESS THAN ONE ACRE,0,0,0,0,0,0,0,0
WILLIAM F. PASSANNANTE BALLFIELD,MANHATTAN    ,0.607,BASKETBALL & PLAYGROUND LESS THAN ONE ACRE,0,0,0,0,0,0,0,0
DR. RONALD E. MCNAIR PLAYGROUND,MANHATTAN    ,0.603,PLAYGROUND LESS THAN ONE ACRE,0,0,0,0,0,0,0,0
PENN SOUTH PLAYGROUND,MANHATTAN    ,0.600,BASKETBALL & PLAYGROUND LESS THAN ONE ACRE,0,0,0,0,0,0,0,0
O'NEILL TRIANGLE,BRONX        ,0.593,PLAYGROUND LESS THAN ONE ACRE,0,0,0,0,0,0,0,0
GEORGE WALKER JR. PARK,BROOKLYN     ,0.591,BASKETBALL & PLAYGROUND LESS THAN ONE ACRE,0,0,0,0,0,0,0,0
UNDERHILL PLAYGROUND,BROOKLYN     ,0.590,PLAYGROUND LESS THAN ONE ACRE,0,0,0,0,0,0,0,0
PETER DETMOLD PARK,MANHATTAN    ,0.588,PLAYGROUND LESS THAN ONE ACRE,0,0,0,0,0,0,0,0
COBBLE HILL PARK,BROOKLYN     ,0.585,PLAYGROUND LESS THAN ONE ACRE,0,0,0,0,0,0,0,0
WRIGHT BROTHERS PLAYGROUND,MANHATTAN    ,0.584,BASKETBALL & PLAYGROUND LESS THAN ONE ACRE,0,0,0,0,0,0,0,0
MERCER PLAYGROUND,MANHATTAN    ,0.582,PLAYGROUND LESS THAN ONE ACRE,0,0,0,0,0,0,0,0
SEAN'S PLACE,QUEENS       ,0.582,BASKETBALL & PLAYGROUND LESS THAN ONE ACRE,0,0,0,0,0,0,0,0
HARVARD PLAYGROUND,QUEENS       ,0.581,BASKETBALL & PLAYGROUND LESS THAN ONE ACRE,0,0,0,0,0,0,0,0
SARSFIELD PLAYGROUND,BROOKLYN     ,0.579,PLAYGROUND LESS THAN ONE ACRE,0,0,0,0,0,0,0,0
HELL'S KITCHEN PARK,MANHATTAN    ,0.576,BASKETBALL & PLAYGROUND LESS THAN ONE ACRE,0,0,0,0,0,0,0,0
BENNINGER PLAYGROUND,QUEENS       ,0.574,BASKETBALL & PLAYGROUND LESS THAN ONE ACRE,0,0,0,0,0,0,0,0
RORY STAUNTON FIELD,QUEENS       ,0.574,PLAYGROUND LESS THAN ONE ACRE,0,0,0,0,0,0,0,0
CARMANSVILLE PLAYGROUND,MANHATTAN    ,0.573,BASKETBALL & PLAYGROUND LESS THAN ONE ACRE,0,0,0,0,0,0,0,0
SIXTEEN SYCAMORES PLAYGROUND,BROOKLYN     ,0.567,PLAYGROUND LESS THAN ONE ACRE,0,0,0,0,0,0,0,0
GALAPO PLAYGROUND,BROOKLYN     ,0.565,PLAYGROUND LESS THAN ONE ACRE,0,0,0,0,0,0,0,0
MCKINLEY PLAYGROUND,MANHATTAN    ,0.563,BASKETBALL & PLAYGROUND LESS THAN ONE ACRE,0,0,0,0,0,0,0,0
ENNIS PLAYGROUND,BROOKLYN     ,0.554,BASKETBALL & PLAYGROUND LESS THAN ONE ACRE,0,0,0,0,0,0,0,0
BLAND PLAYGROUND,QUEENS       ,0.551,BASKETBALL & PLAYGROUND LESS THAN ONE ACRE,0,0,0,0,0,0,0,0
GUTENBERG PLAYGROUND,MANHATTAN    ,0.551,BASKETBALL & PLAYGROUND LESS THAN ONE ACRE,0,0,0,0,0,0,0,0
PFC NORTON PLAYGROUND,BROOKLYN     ,0.550,PLAYGROUND LESS THAN ONE ACRE,0,0,0,0,0,0,0,0
LITTLE CLAREMONT PARK,BRONX        ,0.549,PLAYGROUND LESS THAN ONE ACRE,0,0,0,0,0,0,0,0
JUNCTION PLAYGROUND,QUEENS       ,0.540,BASKETBALL & PLAYGROUND LESS THAN ONE ACRE,0,0,0,1,0,0,0,1
WOODRUFF PLAYGROUND,BROOKLYN     ,0.536,PLAYGROUND LESS THAN ONE ACRE,0,0,0,0,0,0,0,0
ABIGAIL PLAYGROUND,BRONX        ,0.529,BASKETBALL & PLAYGROUND LESS THAN ONE ACRE,0,0,0,0,0,0,0,0
DR. GERTRUDE B. KELLY PLAYGROUND,MANHATTAN    ,0.525,BASKETBALL & PLAYGROUND LESS THAN ONE ACRE,0,0,0,0,0,0,0,0
WALD PLAYGROUND,MANHATTAN    ,0.525,BASKETBALL & PLAYGROUND LESS THAN ONE ACRE,0,0,0,0,0,0,0,0
ANDREWS GROVE,QUEENS       ,0.518,PLAYGROUND LESS THAN ONE ACRE,0,0,0,0,0,0,0,0
ANIBAL AVILES PLAYGROUND,MANHATTAN    ,0.517,PLAYGROUND LESS THAN ONE ACRE,0,0,0,0,0,0,0,0
LAFAYETTE PLAYGROUND ON LAFAYETTE AVENUE,BROOKLYN     ,0.517,BASKETBALL & PLAYGROUND LESS THAN ONE ACRE,0,0,0,0,0,0,0,0
WASHINGTON PARK BRONX,BRONX        ,0.516,BASKETBALL & PLAYGROUND LESS THAN ONE ACRE,0,0,0,0,0,0,0,0
PAT WILLIAMS PLAYGROUND,QUEENS       ,0.514,BASKETBALL & PLAYGROUND LESS THAN ONE ACRE,0,0,0,0,0,0,0,0
GREENPOINT PLAYGROUND,BROOKLYN     ,0.504,PLAYGROUND LESS THAN ONE ACRE,0,0,0,0,0,0,0,0
PIERREPONT PLAYGROUND,BROOKLYN     ,0.503,PLAYGROUND LESS THAN ONE ACRE,0,0,0,0,0,0,0,0
EPIPHANY PLAYGROUND,BROOKLYN     ,0.500,BASKETBALL & PLAYGROUND LESS THAN ONE ACRE,0,0,0,0,0,1,0,1
JOHN ADAMS PLAYGROUND,QUEENS       ,0.494,BASKETBALL & PLAYGROUND LESS THAN ONE ACRE,0,0,0,0,0,0,0,0
LEVY PLAYGROUND,STATEN ISLAND,0.490,BASKETBALL & PLAYGROUND LESS THAN ONE ACRE,0,0,0,0,0,0,0,0
CLEMENT CLARKE MOORE PARK,MANHATTAN    ,0.489,PLAYGROUND LESS THAN ONE ACRE,0,0,0,0,0,0,0,0
CHARLTON GARDEN,BRONX        ,0.488,PLAYGROUND LESS THAN ONE ACRE,0,0,0,0,0,0,0,0
THOMAS J. CUITE PARK,BROOKLYN     ,0.487,PLAYGROUND LESS THAN ONE ACRE,0,0,0,0,0,0,0,0
CHERRY CLINTON PLAYGROUND,MANHATTAN    ,0.483,BASKETBALL & PLAYGROUND LESS THAN ONE ACRE,0,0,0,0,0,0,0,0
HILTON WHITE PLAYGROUND,BRONX        ,0.477,PLAYGROUND LESS THAN ONE ACRE,0,0,0,0,0,0,0,0
MILESTONE PARK,BROOKLYN     ,0.476,PLAYGROUND LESS THAN ONE ACRE,0,0,0,0,0,0,0,0
TURTLE PLAYGROUND,QUEENS       ,0.476,PLAYGROUND LESS THAN ONE ACRE,0,0,0,0,0,0,0,0
MATTHEWS - PALMER PLAYGROUND,MANHATTAN    ,0.475,BASKETBALL & PLAYGROUND LESS THAN ONE ACRE,0,0,0,0,0,0,0,0
FAIRMOUNT PLAYGROUND,BRONX        ,0.470,PLAYGROUND LESS THAN ONE ACRE,0,0,0,0,0,0,0,0
MOTHER CABRINI PARK,BROOKLYN     ,0.467,PLAYGROUND LESS THAN ONE ACRE,0,0,0,0,0,0,0,0
VIRGINIA PLAYGROUND,BRONX        ,0.461,PLAYGROUND LESS THAN ONE ACRE,0,0,0,0,0,0,0,0
RAINBOW PLAYGROUND,BROOKLYN     ,0.460,BASKETBALL & PLAYGROUND LESS THAN ONE ACRE,0,0,0,0,0,0,0,0
TEN EYCK PLAZA,BROOKLYN     ,0.460,PLAYGROUND LESS THAN ONE ACRE,0,0,0,0,0,0,0,0
TRIBOROUGH BRIDGE PLAYGROUND C,QUEENS       ,0.460,PLAYGROUND LESS THAN ONE ACRE,0,0,0,0,0,0,0,0
TRIBOROUGH BRIDGE PLAYGROUND D,QUEENS       ,0.460,PLAYGROUND LESS THAN ONE ACRE,0,0,0,0,0,0,0,0
TRIBOROUGH BRIDGE PLAYGROUND E,QUEENS       ,0.460,PLAYGROUND LESS THAN ONE ACRE,0,0,0,0,0,0,0,0
UNDERBRIDGE DOG RUN,QUEENS       ,0.457,PLAYGROUND LESS THAN ONE ACRE,0,0,0,0,0,0,0,0
WILLIAM MCCRAY PLAYGROUND,MANHATTAN    ,0.456,BASKETBALL & PLAYGROUND LESS THAN ONE ACRE,0,0,0,0,0,0,0,0
LOUIS ARMSTRONG COMMUNITY CENTER,QUEENS       ,0.452,RECREATION CENTER LESS THAN ONE ACRE,0,0,0,0,0,0,0,0
ABC PLAYGROUND,MANHATTAN    ,0.451,BASKETBALL & PLAYGROUND LESS THAN ONE ACRE,0,0,0,0,0,0,0,0
MIDDLE VILLAGE PLAYGROUND,QUEENS       ,0.448,BASKETBALL & PLAYGROUND LESS THAN ONE ACRE,0,0,0,0,0,0,0,0
YAK PLAYGROUND,BROOKLYN     ,0.444,BASKETBALL & PLAYGROUND LESS THAN ONE ACRE,0,0,0,0,0,0,0,0
BUTTERFLY GARDENS,BROOKLYN     ,0.442,PLAYGROUND LESS THAN ONE ACRE,0,0,0,0,0,0,0,0
HAVEMEYER PLAYGROUND,BRONX        ,0.442,BASKETBALL & PLAYGROUND LESS THAN ONE ACRE,0,0,0,0,0,0,0,0
PLAYGROUND ONE,MANHATTAN    ,0.440,BASKETBALL & PLAYGROUND LESS THAN ONE ACRE,0,0,0,0,0,0,0,0
GARIBALDI PLAYGROUND,BROOKLYN     ,0.437,PLAYGROUND LESS THAN ONE ACRE,0,0,0,0,0,0,0,0
MCCAFFREY PLAYGROUND,MANHATTAN    ,0.436,BASKETBALL & PLAYGROUND LESS THAN ONE ACRE,0,0,0,0,0,0,0,0
MORRIS GARDEN,BRONX        ,0.436,PLAYGROUND LESS THAN ONE ACRE,0,0,0,0,0,0,0,0
ADMIRAL TRIANGLE,BROOKLYN     ,0.433,PLAYGROUND LESS THAN ONE ACRE,0,0,0,0,0,0,0,0
HORSESHOE PLAYGROUND,BRONX        ,0.432,PLAYGROUND LESS THAN ONE ACRE,0,0,0,0,0,0,0,0
HUNTS POINT RIVERSIDE PARK,BRONX        ,0.426,PLAYGROUND LESS THAN ONE ACRE,0,0,0,0,0,0,0,0
TOMPKINSVILLE PARK,STATEN ISLAND,0.424,PLAYGROUND LESS THAN ONE ACRE,0,0,0,0,0,0,0,0
WEST 4TH STREET COURTS,MANHATTAN    ,0.420,BASKETBALL & PLAYGROUND LESS THAN ONE ACRE,0,0,0,0,0,0,0,0
MOSHOLU PLAYGROUND,BRONX        ,0.412,PLAYGROUND LESS THAN ONE ACRE,0,0,0,0,0,0,0,0
LIOTTI IKEFUGI PLAYGROUND,STATEN ISLAND,0.408,BASKETBALL & PLAYGROUND LESS THAN ONE ACRE,0,0,0,0,0,0,0,0
JOSEPH C. SAUER PARK,MANHATTAN    ,0.403,PLAYGROUND LESS THAN ONE ACRE,0,0,0,0,0,0,0,0
PLAYGROUND EIGHTY NINE LXXXIX,MANHATTAN    ,0.402,PLAYGROUND LESS THAN ONE ACRE,0,0,0,0,0,0,0,0
VAN NEST PARK,BRONX        ,0.401,PLAYGROUND LESS THAN ONE ACRE,0,0,0,0,0,0,0,0
JOSEPHINE CAMINITI PLAYGROUND,QUEENS       ,0.398,PLAYGROUND LESS THAN ONE ACRE,0,0,0,0,0,0,0,0
RODNEY PARK SOUTH,BROOKLYN     ,0.392,BASKETBALL & PLAYGROUND LESS THAN ONE ACRE,0,0,0,0,0,0,0,0
CHELSEA RECREATION CENTER,MANHATTAN    ,0.385,RECREATION CENTER LESS THAN ONE ACRE,0,0,0,0,0,0,0,0
IMAGINATION PLAYGROUND,MANHATTAN    ,0.385,PLAYGROUND LESS THAN ONE ACRE,0,0,0,0,0,0,0,0
HINES PARK,BRONX        ,0.383,PLAYGROUND LESS THAN ONE ACRE,0,0,0,0,0,0,0,0
GOBLE PLAYGROUND,BRONX        ,0.381,BASKETBALL & PLAYGROUND LESS THAN ONE ACRE,0,0,1,0,0,0,0,1
GRAND PLAYGROUND,BRONX        ,0.381,BASKETBALL & PLAYGROUND LESS THAN ONE ACRE,0,0,0,0,0,0,0,0
RODNEY PARK NORTH,BROOKLYN     ,0.370,BASKETBALL & PLAYGROUND LESS THAN ONE ACRE,0,0,0,0,0,0,0,0
ST. MARY'S PARK PLAYGROUND BROOKLYN,BROOKLYN     ,0.367,PLAYGROUND LESS THAN ONE ACRE,0,0,0,0,0,0,0,0
MARCY PARK SOUTH,BROOKLYN     ,0.357,BASKETBALL & PLAYGROUND LESS THAN ONE ACRE,0,0,0,0,0,0,0,0
BLEECKER PLAYGROUND,MANHATTAN    ,0.356,PLAYGROUND LESS THAN ONE ACRE,0,0,0,0,0,0,0,0
MCLAUGHLIN PLAYGROUND,QUEENS       ,0.356,PLAYGROUND LESS THAN ONE ACRE,0,0,0,0,0,0,0,0
HARLEM ART PARK,MANHATTAN    ,0.347,PLAYGROUND LESS THAN ONE ACRE,0,0,1,0,0,0,0,1
VINCENT F. ALBANO JR. PLAYGROUND,MANHATTAN    ,0.346,PLAYGROUND LESS THAN ONE ACRE,0,0,0,0,0,0,0,0
JEROME PLAYGROUND SOUTH,BRONX        ,0.345,PLAYGROUND LESS THAN ONE ACRE,0,0,0,0,0,0,0,0
ST. MARY'S PARK BROOKLYN,BROOKLYN     ,0.345,BASKETBALL & PLAYGROUND LESS THAN ONE ACRE,0,0,0,0,0,0,0,0
WALTON PARK,BRONX        ,0.344,BASKETBALL & PLAYGROUND LESS THAN ONE ACRE,0,0,0,0,0,0,0,0
REV LENA IRONS UNITY PARK,BRONX        ,0.342,PLAYGROUND LESS THAN ONE ACRE,0,0,0,0,0,0,0,0
SUTTON PLACE PARK,MANHATTAN    ,0.342,PLAYGROUND LESS THAN ONE ACRE,0,0,0,0,0,0,0,0
KINGSBRIDGE HEIGHTS COMMUNITY CENTER,BRONX        ,0.329,RECREATION CENTER LESS THAN ONE ACRE,0,0,0,0,0,0,0,0
MACARTHUR PARK,MANHATTAN    ,0.329,PLAYGROUND LESS THAN ONE ACRE,0,0,0,0,0,0,0,0
SLEDGE PLAYGROUND,BROOKLYN     ,0.328,PLAYGROUND LESS THAN ONE ACRE,0,0,0,0,0,0,0,0
BERRY PLAYGROUND,BROOKLYN     ,0.327,BASKETBALL & PLAYGROUND LESS THAN ONE ACRE,0,0,0,0,0,0,0,0
FREEDOM SQUARE PLAYGROUND,QUEENS       ,0.327,PLAYGROUND LESS THAN ONE ACRE,0,0,0,0,0,0,0,0
LONG ISLAND MEWS,QUEENS       ,0.323,PLAYGROUND LESS THAN ONE ACRE,0,0,0,0,0,0,0,0
BLACK ROCK PLAYGROUND,BRONX        ,0.322,PLAYGROUND LESS THAN ONE ACRE,0,0,0,0,0,0,0,0
HOT SPOT TOT LOT,BROOKLYN     ,0.322,PLAYGROUND LESS THAN ONE ACRE,0,0,0,0,0,0,0,0
RODNEY PLAYGROUND SOUTH,BROOKLYN     ,0.319,PLAYGROUND LESS THAN ONE ACRE,0,0,0,0,0,0,0,0
BRIDGE AND TUNNEL PARK,QUEENS       ,0.318,BASKETBALL & PLAYGROUND LESS THAN ONE ACRE,0,0,0,0,0,0,0,0
STOP & GO PLAYGROUND,BRONX        ,0.316,PLAYGROUND LESS THAN ONE ACRE,0,0,0,0,0,0,0,0
MACLAUGHLIN PLAYGROUND,BRONX        ,0.304,PLAYGROUND LESS THAN ONE ACRE,0,0,0,0,0,0,0,0
ANNADALE GREEN,STATEN ISLAND,0.300,PLAYGROUND LESS THAN ONE ACRE,0,0,0,0,0,0,0,0
HARRY CHAPIN PLAYGROUND,BROOKLYN     ,0.300,PLAYGROUND LESS THAN ONE ACRE,0,0,0,0,0,0,0,0
WEEKSVILLE PLAYGROUND,BROOKLYN     ,0.295,PLAYGROUND LESS THAN ONE ACRE,0,0,0,0,0,0,0,0
DODGER PLAYGROUND,BROOKLYN     ,0.293,PLAYGROUND LESS THAN ONE ACRE,0,0,0,0,0,0,0,0
A.R.R.O.W. FIELD HOUSE,QUEENS       ,0.290,BASKETBALL & REC CENTER LESS THAN ONE ACRE,0,0,0,0,0,0,0,0
ELIZABETH STROUD PLAYGROUND,BROOKLYN     ,0.290,PLAYGROUND LESS THAN ONE ACRE,0,0,0,0,0,0,0,0
HANSBOROUGH RECREATION CENTER,MANHATTAN    ,0.290,POOL & RECREATION CENTER LESS THAN ONE ACRE,0,0,0,0,0,0,0,0
RODNEY PLAYGROUND NORTH,BROOKLYN     ,0.290,BASKETBALL & PLAYGROUND LESS THAN ONE ACRE,0,0,0,0,0,0,0,0
JENNIE JEROME PLAYGROUND,BRONX        ,0.287,PLAYGROUND LESS THAN ONE ACRE,0,0,0,0,0,0,0,0
PLAYGROUND 115,QUEENS       ,0.287,PLAYGROUND LESS THAN ONE ACRE,0,0,0,0,0,0,0,0
MARINERS HARBOR PLAYGROUND,STATEN ISLAND,0.271,BASKETBALL & PLAYGROUND LESS THAN ONE ACRE,0,0,0,0,0,0,0,0
YOUTH VILLAGE,BRONX        ,0.270,PLAYGROUND LESS THAN ONE ACRE,0,0,0,0,0,0,0,0
BEANSTALK PLAYGROUND,BRONX        ,0.267,BASKETBALL & PLAYGROUND LESS THAN ONE ACRE,0,0,0,0,0,0,0,0
DESALVIO PLAYGROUND,MANHATTAN    ,0.266,BASKETBALL & PLAYGROUND LESS THAN ONE ACRE,0,0,0,0,0,0,0,0
DAN ROSS PLAYGROUND,BROOKLYN     ,0.256,PLAYGROUND LESS THAN ONE ACRE,0,0,0,0,0,0,0,0
DREAM STREET PARK,MANHATTAN    ,0.252,PLAYGROUND LESS THAN ONE ACRE,0,0,0,0,0,0,0,0
SIDNEY HILLMAN PLAYGROUND,MANHATTAN    ,0.245,BASKETBALL & PLAYGROUND LESS THAN ONE ACRE,0,0,0,0,0,0,0,0
SUNSHINE PLAYGROUND,MANHATTAN    ,0.240,PLAYGROUND LESS THAN ONE ACRE,0,0,0,0,0,0,0,0
RODNEY PARK CENTER,BROOKLYN     ,0.237,PLAYGROUND LESS THAN ONE ACRE,0,0,0,0,0,0,0,0
SORRENTINO RECREATION CENTER,QUEENS       ,0.231,RECREATION CENTER LESS THAN ONE ACRE,0,0,0,0,0,0,0,0
ST. GREGORY'S PLAYGROUND,MANHATTAN    ,0.231,BASKETBALL & PLAYGROUND LESS THAN ONE ACRE,0,0,0,0,0,0,0,0
UMMA PARK,BROOKLYN     ,0.230,PLAYGROUND LESS THAN ONE ACRE,0,0,0,0,0,0,0,0
WILLIAM F MOORE PARK,QUEENS       ,0.230,PLAYGROUND LESS THAN ONE ACRE,0,0,0,0,0,0,0,0
GENE GRAY PLAYGROUND,QUEENS       ,0.229,PLAYGROUND LESS THAN ONE ACRE,0,0,0,0,0,0,0,0
MARY O'CONNOR PLAYGROUND,MANHATTAN    ,0.229,PLAYGROUND LESS THAN ONE ACRE,0,0,0,0,0,0,0,0
OGDEN PLIMPTON PLAYGROUND,BRONX        ,0.229,BASKETBALL & PLAYGROUND LESS THAN ONE ACRE,0,0,0,0,0,0,0,0
DOWNING STREET PLAYGROUND,MANHATTAN    ,0.223,PLAYGROUND LESS THAN ONE ACRE,0,0,0,0,0,0,0,0
PLAYGROUND THIRTY FIVE XXXV,QUEENS       ,0.218,PLAYGROUND LESS THAN ONE ACRE,0,0,0,0,0,0,0,0
ROLF HENRY PLAYGROUND,BROOKLYN     ,0.213,PLAYGROUND LESS THAN ONE ACRE,0,0,0,0,0,0,0,0
P.S. 125 PLAYGROUND,BROOKLYN     ,0.208,BASKETBALL & PLAYGROUND LESS THAN ONE ACRE,0,0,0,0,0,0,0,0
TONY DAPOLITO RECREATION CENTER,MANHATTAN    ,0.208,POOL & RECREATION CENTER LESS THAN ONE ACRE,0,0,0,0,0,0,0,0
ASTORIA HEALTH PLAYGROUND,QUEENS       ,0.207,BASKETBALL & PLAYGROUND LESS THAN ONE ACRE,0,0,0,0,0,0,0,0
DAVIDSON PLAYGROUND,BRONX        ,0.207,PLAYGROUND LESS THAN ONE ACRE,0,0,0,0,0,0,0,0
CHIARANTANO PLAYGROUND,BROOKLYN     ,0.206,PLAYGROUND LESS THAN ONE ACRE,0,0,0,0,0,0,0,0
MINETTA PLAYGROUND,MANHATTAN    ,0.206,PLAYGROUND LESS THAN ONE ACRE,0,0,0,0,0,0,0,0
CORONA MAC PARK,QUEENS       ,0.205,PLAYGROUND LESS THAN ONE ACRE,0,0,0,0,0,0,0,0
THORPE FAMILY PLAYGROUND,BRONX        ,0.201,PLAYGROUND LESS THAN ONE ACRE,0,0,0,0,0,0,0,0
SUNNERS PLAYGROUND,BROOKLYN     ,0.197,PLAYGROUND LESS THAN ONE ACRE,0,0,0,0,0,0,0,0
TUDOR GROVE PLAYGROUND,MANHATTAN    ,0.192,PLAYGROUND LESS THAN ONE ACRE,0,0,0,0,0,0,0,0
RODNEY PLAYGROUND CENTER,BROOKLYN     ,0.189,PLAYGROUND LESS THAN ONE ACRE,0,0,0,0,0,0,0,0
SEABURY PARK,BRONX        ,0.186,BASKETBALL & PLAYGROUND LESS THAN ONE ACRE,0,0,0,0,0,0,0,0
EAE J MITCHELL PARK,BRONX        ,0.183,PLAYGROUND LESS THAN ONE ACRE,0,0,0,0,0,0,0,0
PENN TRIANGLE,BROOKLYN     ,0.183,PLAYGROUND LESS THAN ONE ACRE,0,0,0,0,0,0,0,0
METROPOLITAN RECREATION CENTER,BROOKLYN     ,0.181,POOL & RECREATION CENTER LESS THAN ONE ACRE,0,0,0,0,0,0,0,0
RAMON APONTE PARK,MANHATTAN    ,0.174,BASKETBALL & PLAYGROUND LESS THAN ONE ACRE,0,0,0,0,0,0,0,0
BILL BOJANGLES ROBINSON PLAYGROUND,MANHATTAN    ,0.172,BASKETBALL & PLAYGROUND LESS THAN ONE ACRE,0,0,0,0,0,0,0,0
FIELD OF DREAMS PARK,BRONX        ,0.172,BASKETBALL & PLAYGROUND LESS THAN ONE ACRE,0,0,0,0,0,0,0,0
RECREATION CENTER 54,MANHATTAN    ,0.170,POOL & RECREATION CENTER LESS THAN ONE ACRE,0,0,0,0,0,0,0,0
PEARL ST PLAYGROUND,MANHATTAN    ,0.162,PLAYGROUND LESS THAN ONE ACRE,0,0,0,0,0,0,0,0
LEWIS PLAYGROUND,BROOKLYN     ,0.161,PLAYGROUND LESS THAN ONE ACRE,0,0,0,0,0,0,0,0
NORTH PACIFIC PLAYGROUND,BROOKLYN     ,0.155,PLAYGROUND LESS THAN ONE ACRE,0,0,0,0,0,0,0,0
MORRIS MESA,BRONX        ,0.150,PLAYGROUND LESS THAN ONE ACRE,0,0,0,0,0,0,0,0
PEACE PARK,BRONX        ,0.141,PLAYGROUND LESS THAN ONE ACRE,0,0,0,0,0,0,0,0
DUKE PARK,BROOKLYN     ,0.137,PLAYGROUND LESS THAN ONE ACRE,0,0,0,0,0,0,0,0
CAPTAIN JACOB JOSEPH PLAYGROUND,MANHATTAN    ,0.135,PLAYGROUND LESS THAN ONE ACRE,0,0,0,0,0,0,0,0
SOBEL PLAYGROUND,BROOKLYN     ,0.135,PLAYGROUND LESS THAN ONE ACRE,0,0,0,0,0,0,0,0
GRAND CANAL COURT,MANHATTAN    ,0.134,BASKETBALL & PLAYGROUND LESS THAN ONE ACRE,0,0,0,0,0,0,0,0
LT. FEDERICO NARVAEZ TOT LOT,BROOKLYN     ,0.125,PLAYGROUND LESS THAN ONE ACRE,0,0,0,0,0,0,0,0
WEST 186TH STREET BASKETBALL COURT,MANHATTAN    ,0.123,BASKETBALL & PLAYGROUND LESS THAN ONE ACRE,0,0,0,0,0,0,0,0
SOPHIE IRENE LOEB,MANHATTAN    ,0.122,PLAYGROUND LESS THAN ONE ACRE,0,0,0,0,0,0,0,0
BARRETTO PARK,BRONX        ,0.120,PLAYGROUND LESS THAN ONE ACRE,0,0,0,0,0,0,0,0
ABYSSINIAN TOT LOT,MANHATTAN    ,0.118,PLAYGROUND LESS THAN ONE ACRE,0,0,0,0,0,0,0,0
ALEXANDER'S ALLEY,BRONX        ,0.110,PLAYGROUND LESS THAN ONE ACRE,0,0,0,0,0,0,0,0
EAST FLATBUSH CHILDREN'S PARK,BROOKLYN     ,0.106,PLAYGROUND LESS THAN ONE ACRE,0,0,0,0,0,0,0,0
CORONA HEALTH SANCTUARY,QUEENS       ,0.101,PLAYGROUND LESS THAN ONE ACRE,0,0,0,0,0,0,0,0
MOHEGAN TRIANGLE,BRONX        ,0.096,PLAYGROUND LESS THAN ONE ACRE,0,0,0,0,0,0,0,0
PLAYGROUND OF THE AMERICAS,MANHATTAN    ,0.079,PLAYGROUND LESS THAN ONE ACRE,0,0,0,0,0,0,0,0
PRIVATE WILLIAM GRAY PARK,QUEENS       ,0.069,PLAYGROUND LESS THAN ONE ACRE,0,0,0,0,0,0,0,0
ADRIENNE'S PLAYGROUND,MANHATTAN    ,0.000,PLAYGROUND LESS THAN ONE ACRE,0,0,0,0,0,0,0,0
TOTAL,,,,1,2,79,26,4,78,1,191